,Volume,Date,Close
1258,0.3970607098229919,2017-11-27,0.0597915
1257,0.2494262896839515,2017-11-28,0.05968
1256,0.5687399955181631,2017-11-29,0.0580635
1255,0.24428297747036057,2017-11-30,0.0588375
1254,0.21902700848015003,2017-12-01,0.0581175
1253,0.3432253119190235,2017-12-04,0.0566975
1252,0.21723599846465427,2017-12-05,0.0570785
1251,0.1289866652076751,2017-12-06,0.0576175
1250,0.11070780568874602,2017-12-07,0.0579895
1249,0.14271082619617956,2017-12-08,0.0581
1248,0.10058954123681399,2017-12-11,0.058446
1247,0.0903004679372649,2017-12-12,0.058254
1246,0.11614477851371205,2017-12-13,0.0582065
1245,0.15230135865296493,2017-12-14,0.058713
1244,0.264864049111453,2017-12-15,0.058957
1243,0.14026018519886668,2017-12-18,0.059529000000000006
1242,0.11518141933412107,2017-12-19,0.059369
1241,0.10092394836341118,2017-12-20,0.058881
1240,0.07984453119557933,2017-12-21,0.058738
1239,0.04724337361244013,2017-12-22,0.058418
1238,0.07534153108179706,2017-12-26,0.058838
1237,0.06699257691521748,2017-12-27,0.059113
1236,0.06511361156719728,2017-12-28,0.059305
1235,0.12222492045624853,2017-12-29,0.058473500000000005
1234,0.12194166755243432,2018-01-02,0.059450499999999996
1233,0.15052660642901855,2018-01-03,0.06021
1232,0.14520860798656238,2018-01-04,0.0604795
1231,0.1806017521653189,2018-01-05,0.061457
1230,0.23051943045128256,2018-01-08,0.062343499999999996
1229,0.18882887493162678,2018-01-09,0.062635
1228,0.12234124189369386,2018-01-10,0.06271650000000001
1227,0.1511970532637911,2018-01-11,0.063834
1226,0.30972861531602025,2018-01-12,0.06526
1225,0.42676287869291063,2018-01-16,0.065243
1224,0.2965378323339536,2018-01-17,0.06475
1223,0.2136167011542943,2018-01-18,0.064666
1222,0.24310302913473106,2018-01-19,0.064729
1221,0.2207316957446995,2018-01-22,0.0663655
1220,0.28905781971236033,2018-01-23,0.068127
1219,0.4013402503332608,2018-01-24,0.0678755
1218,0.2625827884528763,2018-01-25,0.0688975
1217,0.2683110410410826,2018-01-26,0.07010250000000001
1216,0.327117037632517,2018-01-29,0.070884
1215,0.3347525536494319,2018-01-30,0.07189100000000001
1214,0.37446305981168515,2018-01-31,0.0725445
1213,0.5512481763683816,2018-02-01,0.0695
1212,0.6892897512267342,2018-02-02,0.0714975
1211,0.7170558824176289,2018-02-05,0.0695
1210,0.6840661704188828,2018-02-06,0.072142
1209,0.4247971144243171,2018-02-07,0.070839
1208,0.5180057543461798,2018-02-08,0.067525
1207,0.9011396589922758,2018-02-09,0.06698
1206,0.3970370373901083,2018-02-12,0.0693115
1205,0.34008619766534565,2018-02-13,0.0707255
1204,0.34413833316662057,2018-02-14,0.07255249999999999
1203,0.3233556377006229,2018-02-15,0.073088
1202,0.24371116577260307,2018-02-16,0.0724345
1201,0.3804039561504494,2018-02-20,0.07341750000000001
1200,0.36656544642724,2018-02-21,0.074146
1199,0.26699035056856746,2018-02-22,0.074267
1198,0.23904436330714343,2018-02-23,0.075
1197,0.27640572062686064,2018-02-26,0.0760975
1196,0.2659631846589626,2018-02-27,0.075599
1195,0.2460675251837761,2018-02-28,0.07562250000000001
1194,0.40400441939615317,2018-03-01,0.0746725
1193,0.3872371943701538,2018-03-02,0.07501250000000001
1192,0.2932376366978954,2018-03-05,0.0761805
1191,0.24160629194870223,2018-03-06,0.076882
1190,0.22335702297087764,2018-03-07,0.07725
1189,0.20417929124469567,2018-03-08,0.07759300000000001
1188,0.24674518258718556,2018-03-09,0.0789445
1187,0.29011056273335667,2018-03-12,0.0799195
1186,0.383180433221074,2018-03-13,0.07940900000000001
1185,0.22824293148897554,2018-03-14,0.07955
1184,0.216069246830115,2018-03-15,0.079116
1183,0.30002162537332466,2018-03-16,0.078584
1182,0.37583905398516115,2018-03-19,0.0772465
1181,0.24987599788450762,2018-03-20,0.07932550000000001
1180,0.26254272217997854,2018-03-21,0.079093
1179,0.3627080643033954,2018-03-22,0.077246
1178,0.48272158498776685,2018-03-23,0.07477800000000001
1177,0.3204528396303866,2018-03-26,0.077793
1176,0.40854925441287626,2018-03-27,0.0748525
1175,0.8706443955965237,2018-03-28,0.071571
1174,0.7951136891243551,2018-03-29,0.072367
1173,0.6497146132870051,2018-04-02,0.06859950000000001
1172,0.6347751313620106,2018-04-03,0.06960250000000001
1171,0.4123049403092467,2018-04-04,0.0705285
1170,0.3689754089335632,2018-04-05,0.0725875
1169,0.33722475832842325,2018-04-06,0.0702615
1168,0.22531169928958597,2018-04-09,0.070304
1167,0.22971926140527713,2018-04-10,0.07181100000000001
1166,0.18115614965957583,2018-04-11,0.07135250000000001
1165,0.15207511005592217,2018-04-12,0.072425
1164,0.18749172259486502,2018-04-13,0.0715395
1163,0.1287357918384948,2018-04-16,0.072075
1162,0.28074927193984067,2018-04-17,0.07519150000000001
1161,0.2864051467447477,2018-04-18,0.076392
1160,0.3811146053065847,2018-04-19,0.0778455
1159,0.31558516160657846,2018-04-20,0.0763745
1158,0.2426059760684077,2018-04-23,0.075893
1157,0.44819275670619174,2018-04-24,0.0730045
1156,0.3730892424136468,2018-04-25,0.0730085
1155,0.5053198472171654,2018-04-26,0.075898
1154,0.8260926048126429,2018-04-27,0.078631
1153,0.3088262738729137,2018-04-30,0.0783065
1152,0.2496709728479812,2018-05-01,0.079113
1151,0.22930240890898188,2018-05-02,0.078484
1150,0.2281905528300089,2018-05-03,0.0786038
1149,0.1722884426965296,2018-05-04,0.07904749999999999
1148,0.19808921776422525,2018-05-07,0.08000700000000001
1147,0.14640100475672552,2018-05-08,0.0796195
1146,0.18688460632047937,2018-05-09,0.0804
1145,0.12952201591685328,2018-05-10,0.080454
1144,0.09368610200924787,2018-05-11,0.0801455
1143,0.1074078821496175,2018-05-14,0.080077
1142,0.28468705870641065,2018-05-15,0.078806
1141,0.11252031136168783,2018-05-16,0.079364
1140,0.08502355613119292,2018-05-17,0.07908799999999999
1139,0.11776538782698528,2018-05-18,0.07871850000000001
1138,0.13328110302484492,2018-05-21,0.079273
1137,0.07975133799715822,2018-05-22,0.07906999999999999
1136,0.1678295903095906,2018-05-23,0.080093
1135,0.17022730845407746,2018-05-24,0.08015349999999999
1134,0.11859664394720856,2018-05-25,0.0805075
1133,0.20108262411205055,2018-05-29,0.0806435
1132,0.13682169629829014,2018-05-30,0.0812445
1131,0.15484253990363436,2018-05-31,0.081481
1130,0.16469544182487975,2018-06-01,0.082077
1129,0.1562550630899221,2018-06-04,0.08326349999999999
1128,0.262025125795463,2018-06-05,0.08481749999999999
1127,0.311870358273895,2018-06-06,0.08478749999999999
1126,0.19555545115489006,2018-06-07,0.084465
1125,0.14065254897148927,2018-06-08,0.0841995
1124,0.09771980294353586,2018-06-11,0.084456
1123,0.08990892045543142,2018-06-12,0.0849375
1122,0.16556560780604962,2018-06-13,0.085243
1121,0.15480886790858442,2018-06-14,0.08619299999999999
1120,0.2617411926493246,2018-06-15,0.0857985
1119,0.15052218485391097,2018-06-18,0.0861895
1118,0.2310891333978349,2018-06-19,0.08673900000000001
1117,0.23396927939867393,2018-06-20,0.087504
1116,0.2742628212570347,2018-06-21,0.08651099999999999
1115,0.21554988181555654,2018-06-22,0.0857835
1114,0.4498769686767815,2018-06-25,0.0831575
1113,0.23223357308413903,2018-06-26,0.0845545
1112,0.2651268267213076,2018-06-27,0.08302549999999999
1111,0.24763888495277422,2018-06-28,0.08507250000000001
1110,0.2452506902008267,2018-06-29,0.08499
1109,0.15640832168557373,2018-07-02,0.08568899999999999
1108,0.08815525574353653,2018-07-03,0.084698
1107,0.14235499143636876,2018-07-05,0.0849865
1106,0.11598900302146073,2018-07-06,0.0855315
1105,0.13909982784217534,2018-07-09,0.08695099999999999
1104,0.1425769545067688,2018-07-10,0.0871535
1103,0.15549468821988482,2018-07-11,0.08775
1102,0.24692367817306657,2018-07-12,0.08983100000000001
1101,0.2381164447526454,2018-07-13,0.0906515
1100,0.30914149816596725,2018-07-16,0.0911245
1099,0.32511283967260396,2018-07-17,0.0921965
1098,0.27004742759794176,2018-07-18,0.092146
1097,0.25228323942153386,2018-07-19,0.09064849999999999
1096,0.20394419949743778,2018-07-20,0.090685
1095,0.20254664164228334,2018-07-23,0.0901
1094,0.22767730999636862,2018-07-24,0.091462
1093,0.18885751313347734,2018-07-25,0.0931805
1092,0.5956243966083757,2018-07-26,0.09040000000000001
1091,0.5978449116273976,2018-07-27,0.0908635
1090,0.38511068884034205,2018-07-30,0.088961
1089,0.32890478248485644,2018-07-31,0.088872
1088,0.22160982056106301,2018-08-01,0.08985850000000001
1087,0.23513079316731653,2018-08-02,0.09171649999999999
1086,0.17505226725992332,2018-08-03,0.09116450000000001
1085,0.1702397568886111,2018-08-06,0.0923875
1084,0.16675814062467761,2018-08-07,0.093124
1083,0.20687019383093072,2018-08-08,0.094326
1082,0.2695818017269984,2018-08-09,0.094926
1081,0.18654945092732553,2018-08-10,0.094315
1080,0.3147579189160682,2018-08-13,0.09481
1079,0.2066182320740316,2018-08-14,0.0959825
1078,0.46098464558932306,2018-08-15,0.094131
1077,0.20427105593423586,2018-08-16,0.094326
1076,0.21816806649733014,2018-08-17,0.094111
1075,0.1342106541609211,2018-08-20,0.0938355
1074,0.1487606973552873,2018-08-21,0.094171
1073,0.148090930762839,2018-08-22,0.09524500000000001
1072,0.18141110448270156,2018-08-23,0.095145
1071,0.1292754960985481,2018-08-24,0.0952695
1070,0.18129539526334806,2018-08-27,0.096384
1069,0.14891490829019285,2018-08-28,0.096641
1068,0.3776036705984763,2018-08-29,0.09990500000000001
1067,0.43353448695803865,2018-08-30,0.100119
1066,0.22224162963181868,2018-08-31,0.10063549999999999
1065,0.3279986316847342,2018-09-04,0.1019755
1064,0.49765031908403834,2018-09-05,0.099741
1063,0.4483986660577397,2018-09-06,0.09791549999999999
1062,0.2704401995159589,2018-09-07,0.0976035
1061,0.2448705027658081,2018-09-10,0.09695050000000001
1060,0.2813103358088752,2018-09-11,0.0993575
1059,0.23985323945489914,2018-09-12,0.0995
1058,0.18530215860159607,2018-09-13,0.0994935
1057,0.1841115984857084,2018-09-14,0.0985095
1056,0.4149623069488966,2018-09-17,0.0954015
1055,0.22791893206993927,2018-09-18,0.0970525
1054,0.21470515689731332,2018-09-19,0.096321
1053,0.1537815659505147,2018-09-20,0.09721500000000001
1052,0.40089333112623404,2018-09-21,0.0957505
1051,0.22211449234141792,2018-09-24,0.096718
1050,0.23606619438738116,2018-09-25,0.09872750000000001
1049,0.22997360401031106,2018-09-26,0.09874250000000001
1048,0.2322633676979408,2018-09-27,0.100649
1047,0.21157148458222938,2018-09-28,0.10015
1046,0.17525681612682276,2018-10-01,0.100218
1045,0.3047204672522561,2018-10-02,0.0985655
1044,0.2915441734316958,2018-10-03,0.097638
1043,0.43258051512252227,2018-10-04,0.095471
1042,0.4037153844325829,2018-10-05,0.0944825
1041,0.43981006252032984,2018-10-08,0.093221
1040,0.2619676453190646,2018-10-09,0.093516
1039,0.6800826713681238,2018-10-10,0.08776250000000001
1038,0.8827935235074792,2018-10-11,0.085968
1037,0.5784725625722501,2018-10-12,0.0894305
1036,0.3727230679705076,2018-10-15,0.0880475
1035,0.33642390904009367,2018-10-16,0.09099800000000001
1034,0.2993923331991687,2018-10-17,0.0915865
1033,0.33726516472248325,2018-10-18,0.088536
1032,0.3382899497839532,2018-10-19,0.0882015
1031,0.24488703265428716,2018-10-22,0.089465
1030,0.39619687009543747,2018-10-23,0.088435
1029,0.4056819649919654,2018-10-24,0.08320999999999999
1028,0.6163070284284774,2018-10-25,0.08910850000000001
1027,0.9564562845572803,2018-10-26,0.0821405
1026,0.8782250160578724,2018-10-29,0.076944
1025,0.7832169311156933,2018-10-30,0.076521
1024,0.5776319871321848,2018-10-31,0.0799005
1023,0.48791795610264854,2018-11-01,0.0832765
1022,0.4116355138379605,2018-11-02,0.0832765
1021,0.3220547422797433,2018-11-05,0.08139
1020,0.22616397489762827,2018-11-06,0.0821405
1019,0.4955864638722892,2018-11-07,0.0877745
1018,0.3835891908337108,2018-11-08,0.0877455
1017,0.34085044991663116,2018-11-09,0.0856215
1016,0.40014275174566594,2018-11-12,0.0818425
1015,0.3414926666949477,2018-11-13,0.08155849999999999
1014,0.3780673237666794,2018-11-14,0.07995050000000001
1013,0.5100788225175598,2018-11-15,0.08097199999999999
1012,0.35208403968338975,2018-11-16,0.0796705
1011,0.46664847922942365,2018-11-19,0.0756145
1010,0.6763699087624131,2018-11-20,0.07477299999999999
1009,0.3282892312056501,2018-11-21,0.0758365
1008,0.12423299579740979,2018-11-23,0.07510299999999999
1007,0.36360271900823804,2018-11-26,0.07906650000000001
1006,0.3317612560528118,2018-11-27,0.079071
1005,0.5134847958350376,2018-11-28,0.0838875
1004,0.38903650334200535,2018-11-29,0.0836785
1003,0.33079034618342174,2018-11-30,0.0845085
1002,0.4053615028330152,2018-12-03,0.08861799999999999
1001,0.5286897083149512,2018-12-04,0.08342000000000001
1000,0.5319399741644101,2018-12-06,0.08495950000000001
999,0.45083753886284317,2018-12-07,0.0814565
998,0.4479954864321617,2018-12-10,0.0820515
997,0.3630110442346126,2018-12-11,0.08216200000000001
996,0.38773941727814143,2018-12-12,0.083177
995,0.29710984810440844,2018-12-13,0.08291899999999999
994,0.3718423582333119,2018-12-14,0.0795955
993,0.5338326123831476,2018-12-17,0.0760455
992,0.38003342815643504,2018-12-18,0.077574
991,0.5267159852111641,2018-12-19,0.074754
990,0.6143487468254506,2018-12-20,0.0730415
989,0.8622161931991701,2018-12-21,0.0688725
988,0.43118241307350846,2018-12-24,0.067198
987,0.6429332775566403,2018-12-26,0.073545
986,0.5952046190700863,2018-12-27,0.073082
985,0.5401981840049358,2018-12-28,0.073901
984,0.41224460281508646,2018-12-31,0.0750985
983,0.475532239911322,2019-01-02,0.07695650000000001
982,0.41174258397979613,2019-01-03,0.075014
981,0.5632654052926666,2019-01-04,0.07876949999999999
980,0.4823178611683294,2019-01-07,0.08147549999999999
979,0.5407529216203548,2019-01-08,0.082829
978,0.3708811078049261,2019-01-09,0.082971
977,0.38133806491009803,2019-01-10,0.08281100000000001
976,0.25772721874243965,2019-01-11,0.082028
975,0.3474651943017891,2019-01-14,0.0808605
974,0.3457645204669526,2019-01-15,0.083728
973,0.37156720021315615,2019-01-16,0.08418899999999999
972,0.22437786262686707,2019-01-17,0.084661
971,0.34637809904341854,2019-01-18,0.08481
970,0.37558341891971114,2019-01-22,0.0816085
969,0.29325811199185503,2019-01-23,0.082001
968,0.2174326565205925,2019-01-24,0.0827465
967,0.275640788133251,2019-01-25,0.08352849999999999
966,0.2670785779980216,2019-01-28,0.0818945
965,0.2523868403275159,2019-01-29,0.079694
964,0.32894512085468397,2019-01-30,0.0835215
963,0.6409918659632547,2019-01-31,0.0859365
962,0.7212468553772815,2019-02-01,0.0813115
961,0.2741364322331906,2019-02-04,0.08166549999999999
960,0.24232238304343137,2019-02-05,0.0829405
959,0.20744214157715304,2019-02-06,0.082013
958,0.2533192484813539,2019-02-07,0.08071850000000001
957,0.32437702155047177,2019-02-08,0.079411
956,0.16461204411592772,2019-02-11,0.07955
955,0.2686378974778807,2019-02-12,0.08190049999999999
954,0.18120016133795425,2019-02-13,0.082
953,0.21939297885059203,2019-02-14,0.0811325
952,0.23482373178215385,2019-02-15,0.0803975
951,0.18982053219190623,2019-02-19,0.081379
950,0.16550112083371152,2019-02-20,0.08110500000000001
949,0.17545796378210102,2019-02-21,0.08097199999999999
948,0.15026586954613672,2019-02-22,0.081578
947,0.15562944422431707,2019-02-25,0.08165
946,0.12078940507940142,2019-02-26,0.08181999999999999
945,0.15372177265021386,2019-02-27,0.0820545
944,0.14520935625311904,2019-02-28,0.08199150000000001
943,0.25715071337264483,2019-03-01,0.0835865
942,0.3586849751493656,2019-03-04,0.0848085
941,0.18955904704246773,2019-03-05,0.0846215
940,0.21112402118134324,2019-03-06,0.08344750000000001
939,0.27646592207255605,2019-03-07,0.0812975
938,0.2570369088317992,2019-03-08,0.08104
937,0.1983560088037928,2019-03-11,0.08353100000000001
936,0.18241759102564947,2019-03-12,0.08365500000000001
935,0.18091044613205973,2019-03-13,0.08454049999999999
934,0.13988652809016078,2019-03-14,0.08431100000000001
933,0.452834798351049,2019-03-15,0.085618
932,0.30760932035484545,2019-03-18,0.0871075
931,0.3712691180266735,2019-03-19,0.0880925
930,0.35865565670519084,2019-03-20,0.0898635
929,0.3305119230001097,2019-03-21,0.09096299999999999
928,0.3718558950555644,2019-03-22,0.0882385
927,0.2868476443766669,2019-03-25,0.088713
926,0.2698736937083305,2019-03-26,0.089188
925,0.2336842578648167,2019-03-27,0.088285
924,0.1462196521530827,2019-03-28,0.088671
923,0.16567260992365282,2019-03-29,0.08903749999999999
922,0.22394550060557908,2019-04-01,0.09070950000000001
921,0.1737487869182115,2019-04-02,0.090699
920,0.20690971590996912,2019-04-03,0.09103499999999999
919,0.18588818736393026,2019-04-04,0.090943
918,0.18687079740129728,2019-04-05,0.091864
917,0.19482759186795154,2019-04-08,0.09249299999999999
916,0.19196071059243522,2019-04-09,0.091792
915,0.1408511117059354,2019-04-10,0.0923665
914,0.1184886894903514,2019-04-11,0.09220350000000001
913,0.150303759043597,2019-04-12,0.09215300000000001
912,0.1924620491854013,2019-04-15,0.09224349999999999
911,0.1466309946865516,2019-04-16,0.093152
910,0.1331093418379739,2019-04-17,0.093241
909,0.1267743811207765,2019-04-18,0.0930845
908,0.16868819217124836,2019-04-22,0.09436549999999999
907,0.2551474677519857,2019-04-23,0.09618850000000001
906,0.1861853852353914,2019-04-24,0.0950875
905,0.3227501540078155,2019-04-25,0.0951125
904,0.5112203371618697,2019-04-26,0.0975315
903,0.21214819402472143,2019-04-29,0.0969215
902,0.17765154120508297,2019-04-30,0.096326
901,0.1520768106617328,2019-05-01,0.095576
900,0.20962197810518532,2019-05-02,0.095041
899,0.37414871983365316,2019-05-03,0.098123
898,0.3085922024891421,2019-05-06,0.0975275
897,0.34153586208253706,2019-05-07,0.09605
896,0.217489184657737,2019-05-08,0.09588849999999999
895,0.3011382431485673,2019-05-09,0.0949935
894,0.3290098799239517,2019-05-10,0.094499
893,0.33345975311221077,2019-05-13,0.091134
892,0.2549391775523029,2019-05-14,0.092006
891,0.25926109715937207,2019-05-15,0.0935575
890,0.2602937050075709,2019-05-16,0.0953785
889,0.262252530804457,2019-05-17,0.09345
888,0.1984172306129746,2019-05-20,0.09294849999999999
887,0.21249307688311195,2019-05-21,0.092876
886,0.13980775602901357,2019-05-22,0.092984
885,0.24100495773407263,2019-05-23,0.09077400000000001
884,0.16926714641341042,2019-05-24,0.091164
883,0.15772288997717068,2019-05-28,0.0918215
882,0.2311251182167873,2019-05-29,0.0909595
881,0.15410978287196128,2019-05-30,0.09081600000000001
880,0.2542393442491231,2019-05-31,0.0887535
879,0.5589803548195713,2019-06-03,0.0846345
878,0.32636557393692733,2019-06-04,0.086478
877,0.2284556432637659,2019-06-05,0.086925
876,0.19100762307194027,2019-06-06,0.087718
875,0.2671249705245349,2019-06-07,0.09020149999999999
874,0.30540635558778895,2019-06-10,0.09303149999999999
873,0.21504888334375258,2019-06-11,0.093185
872,0.12223940961775487,2019-06-12,0.092766
871,0.13023055632178335,2019-06-13,0.093515
870,0.133995901659158,2019-06-14,0.09348350000000001
869,0.1192468195607187,2019-06-17,0.09430150000000001
868,0.20505163400130313,2019-06-18,0.0950685
867,0.1370014843445872,2019-06-19,0.0954395
866,0.15889209048407718,2019-06-20,0.0959095
865,0.20762621515009286,2019-06-21,0.095565
864,0.09534494094114351,2019-06-24,0.09569499999999999
863,0.14496031953821417,2019-06-25,0.0939135
862,0.1061567804668723,2019-06-26,0.09489149999999999
861,0.08573665415969542,2019-06-27,0.095214
860,0.1466616736153749,2019-06-28,0.0946815
859,0.1579529479312292,2019-07-01,0.0961095
858,0.12040030646993521,2019-07-02,0.09671550000000001
857,0.05502867898915309,2019-07-03,0.09695000000000001
856,0.11883983057812494,2019-07-05,0.0971455
855,0.13618682613707542,2019-07-08,0.097616
854,0.23566049786520346,2019-07-09,0.099415
853,0.27553657500917716,2019-07-10,0.1008705
852,0.23376044500513174,2019-07-11,0.1000535
851,0.11074072941723931,2019-07-12,0.10055
850,0.14285129623613546,2019-07-15,0.1010495
849,0.11814863635246303,2019-07-16,0.100495
848,0.11410874521302444,2019-07-17,0.0996015
847,0.17842177958882177,2019-07-18,0.098895
846,0.15674653816918668,2019-07-19,0.098226
845,0.1378697456472492,2019-07-22,0.0992815
844,0.12394987894206044,2019-07-23,0.09972450000000001
843,0.1190398898456844,2019-07-24,0.10004049999999999
842,0.221427311545469,2019-07-25,0.098691
841,0.27521284768707055,2019-07-26,0.0971525
840,0.245693527953908,2019-07-29,0.0956225
839,0.1380586489406911,2019-07-30,0.09492650000000001
838,0.24416549962096404,2019-07-31,0.093339
837,0.26066709001934707,2019-08-01,0.092766
836,0.27719112841443005,2019-08-02,0.091162
835,0.3521529482308354,2019-08-05,0.0882565
834,0.2849481357104545,2019-08-06,0.0893915
833,0.24798553644120772,2019-08-07,0.08967
832,0.1918218731340575,2019-08-08,0.09164449999999999
831,0.135941870876116,2019-08-09,0.090379
830,0.13769199832792486,2019-08-12,0.08924599999999999
829,0.21724790270532848,2019-08-13,0.09121699999999999
828,0.27293444404625566,2019-08-14,0.08814799999999999
827,0.19921651534395848,2019-08-15,0.088806
826,0.14781005870715963,2019-08-16,0.0896285
825,0.13189667384654835,2019-08-19,0.090806
824,0.07152734434554184,2019-08-20,0.090069
823,0.07876485057854302,2019-08-21,0.09117700000000001
822,0.12088253025359011,2019-08-22,0.09028
821,0.29907268733100756,2019-08-23,0.08748099999999999
820,0.14992425185090258,2019-08-26,0.0884435
819,0.14597374455286935,2019-08-27,0.0880915
818,0.10479513940643784,2019-08-28,0.0882125
817,0.14534567681489707,2019-08-29,0.08932
816,0.1484839747777858,2019-08-30,0.08881449999999999
815,0.18132008805971805,2019-09-03,0.089492
814,0.09828760121158034,2019-09-04,0.090031
813,0.166241156458254,2019-09-05,0.092036
812,0.10989967780754697,2019-09-06,0.0916755
811,0.14408743258774734,2019-09-09,0.0915675
810,0.11785483969262306,2019-09-10,0.0910275
809,0.10553483490981819,2019-09-11,0.09114950000000001
808,0.13211448743877052,2019-09-12,0.0921775
807,0.07414505285768846,2019-09-13,0.091967
806,0.1900689566887193,2019-09-16,0.090392
805,0.07834493699178868,2019-09-17,0.0911275
804,0.11255799678645081,2019-09-18,0.09087300000000001
803,0.08142487016325747,2019-09-19,0.091075
802,0.3179794105152117,2019-09-20,0.089708
801,0.15358545208843585,2019-09-23,0.089265
800,0.255537382652241,2019-09-24,0.0870805
799,0.18024795813248082,2019-09-25,0.0884165
798,0.18302702012393754,2019-09-26,0.086992
797,0.20860936938131927,2019-09-27,0.08627249999999999
796,0.12784685116917585,2019-09-30,0.0867955
795,0.15571583499949576,2019-10-01,0.0867825
794,0.16714499443447384,2019-10-02,0.0856615
793,0.18659278236337973,2019-10-03,0.086221
792,0.10937888428410758,2019-10-04,0.0869825
791,0.08885740187061872,2019-10-07,0.086633
790,0.11873650176907263,2019-10-08,0.08527549999999999
789,0.08217313671992327,2019-10-09,0.08609950000000001
788,0.125177784361549,2019-10-10,0.086013
787,0.16313551012692884,2019-10-11,0.086596
786,0.07125953294248794,2019-10-14,0.0868215
785,0.1529121482359015,2019-10-15,0.088369
784,0.13079230043314208,2019-10-16,0.08887149999999999
783,0.12465005236640234,2019-10-17,0.089374
782,0.16902348361286706,2019-10-18,0.08787550000000001
781,0.09139497783696968,2019-10-21,0.089283
780,0.09204277260234497,2019-10-22,0.0882865
779,0.08904664528522274,2019-10-23,0.0881085
778,0.29406964108467526,2019-10-24,0.08903900000000001
777,0.5948763341244072,2019-10-25,0.0880665
776,0.19233946951857298,2019-10-28,0.088854
775,0.09492904078410216,2019-10-29,0.08813549999999999
774,0.10666662208889138,2019-10-30,0.0889995
773,0.12923570192257997,2019-10-31,0.088833
772,0.1298594161096771,2019-11-01,0.089572
771,0.12860559345763495,2019-11-04,0.09023300000000001
770,0.06831034234573835,2019-11-05,0.0900855
769,0.07812215763059954,2019-11-06,0.0897885
768,0.12038581730842887,2019-11-07,0.08941
767,0.08468071399977514,2019-11-08,0.089294
766,0.07254600722609367,2019-11-11,0.0885825
765,0.07874403516342124,2019-11-12,0.0889
764,0.1391473087564074,2019-11-13,0.0876555
763,0.09442307654333126,2019-11-14,0.08773
762,0.20746057614414,2019-11-15,0.08697450000000001
761,0.13336626936383997,2019-11-18,0.0876265
760,0.09477122456487813,2019-11-19,0.0876395
759,0.1300910386210814,2019-11-20,0.08727649999999999
758,0.12119204051112004,2019-11-21,0.08673550000000001
757,0.10868530921031083,2019-11-22,0.087286
756,0.17741604131243052,2019-11-25,0.088692
755,0.15707414287254143,2019-11-26,0.089847
754,0.14655882097594958,2019-11-27,0.0909255
753,0.07088825668191684,2019-11-29,0.09004000000000001
752,0.20750200290168633,2019-12-02,0.08907999999999999
751,0.1801448333961258,2019-12-03,0.08849800000000001
750,0.12240028692743801,2019-12-04,0.08803449999999999
749,0.13241018877711835,2019-12-05,0.087024
748,0.15228190372249162,2019-12-06,0.08758
747,0.11027762044289563,2019-12-09,0.0874755
746,0.11117247922043547,2019-12-10,0.0869605
745,0.082988271097062,2019-12-11,0.08743600000000001
744,0.1511914752767323,2019-12-12,0.0880165
743,0.12697212756443355,2019-12-13,0.088047
742,0.15427950333185958,2019-12-16,0.0884605
741,0.18811149137648156,2019-12-17,0.089533
740,0.16821032193846863,2019-12-18,0.08920149999999999
739,0.12631984319971826,2019-12-19,0.089614
738,0.2905398636641855,2019-12-20,0.089325
737,0.08544904770500605,2019-12-23,0.08965000000000001
736,0.0,2019-12-24,0.0894605
735,0.3498670619244538,2019-12-26,0.09343850000000001
734,0.3610329675799504,2019-12-27,0.09348999999999999
733,0.19019364510675277,2019-12-30,0.0923445
732,0.11081439966095469,2019-12-31,0.092392
731,0.21458740695098708,2020-01-02,0.0949005
730,0.19626807301376561,2020-01-03,0.09374850000000001
729,0.216613712786438,2020-01-06,0.095144
728,0.22126058415179736,2020-01-07,0.095343
727,0.17894651851774174,2020-01-08,0.0945985
726,0.15602208009386934,2020-01-09,0.0950525
725,0.13439017011028845,2020-01-10,0.094158
724,0.12955262682144414,2020-01-13,0.094565
723,0.17448514923420305,2020-01-14,0.093472
722,0.13708617451395527,2020-01-15,0.093101
721,0.12095769703041881,2020-01-16,0.09389700000000001
720,0.21196371230638714,2020-01-17,0.093236
719,0.19226695568680882,2020-01-21,0.09459999999999999
718,0.15883114077182514,2020-01-22,0.094373
717,0.10906161926408128,2020-01-23,0.094229
716,0.19623929876345017,2020-01-24,0.093082
715,0.18007184339473467,2020-01-27,0.091417
714,0.13106249268433084,2020-01-28,0.0926625
713,0.08299316884179653,2020-01-29,0.09290000000000001
712,0.37046684022946297,2020-01-30,0.093534
711,0.999,2020-01-31,0.10043600000000001
710,0.34132906841596755,2020-02-03,0.10021
709,0.29985088454994,2020-02-04,0.1024835
708,0.23773360437256222,2020-02-05,0.1019935
707,0.15656572975940325,2020-02-06,0.10251149999999999
706,0.2866547956777443,2020-02-07,0.103964
705,0.2839942318991705,2020-02-10,0.1066955
704,0.33091571484377946,2020-02-11,0.10754000000000001
703,0.16685847636750326,2020-02-12,0.108
702,0.1462829827134696,2020-02-13,0.10749349999999999
701,0.11733037286063278,2020-02-14,0.10674349999999999
700,0.1407919986479588,2020-02-18,0.1077835
699,0.11426901030461578,2020-02-19,0.108511
698,0.15305486307552738,2020-02-20,0.107655
697,0.2564107457723348,2020-02-21,0.1047985
696,0.38540217267627963,2020-02-24,0.1004645
695,0.3630968227916995,2020-02-25,0.098637
694,0.2965220507120312,2020-02-26,0.0989795
693,0.4940365997607371,2020-02-27,0.09421500000000001
692,0.5858559807838012,2020-02-28,0.0941875
691,0.40000384626305574,2020-03-02,0.0976975
690,0.4525756940497453,2020-03-03,0.0954495
689,0.2647218784656865,2020-03-04,0.0987915
688,0.26304106770671787,2020-03-05,0.0962015
687,0.29877895869540005,2020-03-06,0.0950545
686,0.47153683661988877,2020-03-09,0.0900305
685,0.42528566446158744,2020-03-10,0.094591
684,0.32416907147195106,2020-03-11,0.09104300000000001
683,0.711864953241341,2020-03-12,0.0838305
682,0.5393225080609396,2020-03-13,0.08925
681,0.546637834015834,2020-03-16,0.08445749999999999
680,0.6826771155927814,2020-03-17,0.090392
679,0.5961562780817002,2020-03-18,0.0915
678,0.6474956628253289,2020-03-19,0.09404649999999999
677,0.6078994373735482,2020-03-20,0.0923045
676,0.471214197685501,2020-03-23,0.09514149999999999
675,0.4262223581420682,2020-03-24,0.097005
674,0.38078169471310075,2020-03-25,0.094292
673,0.3641868430920643,2020-03-26,0.0977745
672,0.3065552848734331,2020-03-27,0.09500499999999999
671,0.35677009300662543,2020-03-30,0.09819750000000001
670,0.2885784529464672,2020-03-31,0.097486
669,0.22043511009133018,2020-04-01,0.09538500000000001
668,0.23499977849566758,2020-04-02,0.0959415
667,0.18560636296899694,2020-04-03,0.0953295
666,0.332763933238744,2020-04-06,0.0998795
665,0.287922495273201,2020-04-07,0.10058
664,0.21060139100362843,2020-04-08,0.10215
663,0.25674249995386744,2020-04-09,0.102138
662,0.3969467012094491,2020-04-13,0.1084435
661,0.49017282335904466,2020-04-14,0.114166
660,0.4071406766320692,2020-04-15,0.115384
659,0.7589370418365371,2020-04-16,0.12040949999999999
658,0.47948057043391756,2020-04-17,0.11875
657,0.33259475697270513,2020-04-20,0.1196805
656,0.44864307712483964,2020-04-21,0.11640600000000001
655,0.22699400658166793,2020-04-22,0.11817449999999999
654,0.28469603790509057,2020-04-23,0.1199725
653,0.200702776798194,2020-04-24,0.120511
652,0.324088394732296,2020-04-27,0.1188
651,0.29849774651855854,2020-04-28,0.11570399999999999
650,0.25238731649714286,2020-04-29,0.11863549999999999
649,0.5886323218059609,2020-04-30,0.1237
648,0.604821680977517,2020-05-01,0.114302
647,0.2710486082507606,2020-05-04,0.1157995
646,0.16061602860640273,2020-05-05,0.11589
645,0.1521346312592933,2020-05-06,0.117563
644,0.17108597833996766,2020-05-07,0.1183805
643,0.15848904690696403,2020-05-08,0.1189805
642,0.16175441413602107,2020-05-11,0.12045
641,0.1492165277367616,2020-05-12,0.1178475
640,0.2654021207899282,2020-05-13,0.118396
639,0.18820883405308053,2020-05-14,0.1194425
638,0.22812701819692474,2020-05-15,0.120489
637,0.23708043569282541,2020-05-18,0.121313
636,0.23394628720811458,2020-05-19,0.12246649999999999
635,0.21201833576502374,2020-05-20,0.12489700000000001
634,0.28795106545081917,2020-05-21,0.122337
633,0.13507857534242096,2020-05-22,0.121844
632,0.18276859606495816,2020-05-26,0.121093
631,0.2840425291041917,2020-05-27,0.12051949999999999
630,0.15725835249394607,2020-05-28,0.12005500000000001
629,0.18012762326532247,2020-05-29,0.12211849999999999
628,0.13990509870561257,2020-06-01,0.12355200000000001
627,0.11214243675057162,2020-06-02,0.12362050000000001
626,0.12174208445450183,2020-06-03,0.12392
625,0.14063146145943778,2020-06-04,0.12303
624,0.1649661102456955,2020-06-05,0.12415000000000001
623,0.2101484176399159,2020-06-08,0.126203
622,0.29213775288382915,2020-06-09,0.13004300000000002
621,0.27649768938909813,2020-06-10,0.1323725
620,0.33459555372099703,2020-06-11,0.12789799999999998
619,0.3098360936032504,2020-06-12,0.127251
618,0.20352836736462884,2020-06-15,0.128634
617,0.18463899035969292,2020-06-16,0.1307635
616,0.14135292646852843,2020-06-17,0.132049
615,0.10927664386277408,2020-06-18,0.132699
614,0.33302120088577214,2020-06-19,0.1337505
613,0.15832252358598967,2020-06-22,0.135691
612,0.22790634758694076,2020-06-23,0.1382205
611,0.24796655768036138,2020-06-24,0.13672
610,0.14198834082360254,2020-06-25,0.13772900000000002
609,0.3822585688232618,2020-06-26,0.1346435
608,0.22734276682130658,2020-06-29,0.134019
607,0.19647772369809688,2020-06-30,0.137941
606,0.3729157806209652,2020-07-01,0.143935
605,0.3885578168184365,2020-07-02,0.14451499999999998
604,0.4080981177034393,2020-07-06,0.15285200000000002
603,0.2976860813772735,2020-07-07,0.150006
602,0.28272898117608103,2020-07-08,0.15405549999999998
601,0.37463135176270257,2020-07-09,0.15913149999999998
600,0.313227441710757,2020-07-10,0.16
599,0.4652233715601374,2020-07-13,0.15519999999999998
598,0.43199441833595564,2020-07-14,0.15419999999999998
597,0.33383143751817634,2020-07-15,0.1504435
596,0.3750114031492564,2020-07-16,0.14999500000000002
595,0.2639327973695662,2020-07-17,0.1480985
594,0.45690781729167806,2020-07-20,0.159842
593,0.3573740121420872,2020-07-21,0.1569145
592,0.21923448238904372,2020-07-22,0.15499549999999998
591,0.3248544156136245,2020-07-23,0.14932749999999997
590,0.3231882980888595,2020-07-24,0.1504455
589,0.2237422441990957,2020-07-27,0.15276050000000002
588,0.15273576140122563,2020-07-28,0.1500165
587,0.14235587575139028,2020-07-29,0.1516765
586,0.3569182497848452,2020-07-30,0.152594
585,0.4899126986942547,2020-07-31,0.158234
584,0.28524778245428295,2020-08-03,0.15559450000000002
583,0.25937347319133675,2020-08-04,0.15694149999999998
582,0.20738466110075462,2020-08-05,0.1602515
581,0.208104153407105,2020-08-06,0.16125
580,0.20779974496700684,2020-08-07,0.15837299999999999
579,0.15549910979499237,2020-08-10,0.157408
578,0.19296570060226978,2020-08-11,0.1540335
577,0.17998477237723173,2020-08-12,0.158112
576,0.15425896001366748,2020-08-13,0.158051
575,0.1272315719868993,2020-08-14,0.157401
574,0.1231170582644914,2020-08-17,0.1591205
573,0.30370350497751486,2020-08-18,0.1656245
572,0.2247384590829475,2020-08-19,0.163024
571,0.16673698508839369,2020-08-20,0.1648685
570,0.18329299487271603,2020-08-21,0.164236
569,0.25746634581109296,2020-08-24,0.165373
568,0.21165773930894324,2020-08-25,0.1673245
567,0.38279997368912566,2020-08-26,0.1720925
566,0.23015713338939145,2020-08-27,0.17
565,0.137112431867671,2020-08-28,0.17009
564,0.2247893412088008,2020-08-31,0.172548
563,0.17652764483697095,2020-09-01,0.174956
562,0.20748336426200212,2020-09-02,0.1765725
561,0.4952011746198388,2020-09-03,0.1684
560,0.5374198022558033,2020-09-04,0.164731
559,0.35460134442847824,2020-09-08,0.157492
558,0.29300336124142656,2020-09-09,0.1634305
557,0.30266729184499763,2020-09-10,0.15875550000000002
556,0.2865619426004854,2020-09-11,0.155811
555,0.24817001815954207,2020-09-14,0.15514850000000002
554,0.21360955860988975,2020-09-15,0.1578065
553,0.2482783807617938,2020-09-16,0.15390500000000001
552,0.3787394031830301,2020-09-17,0.1504365
551,0.5449586558384435,2020-09-18,0.1477455
550,0.35621487922157946,2020-09-21,0.1480235
549,0.4127356017247241,2020-09-22,0.1564495
548,0.32456592484391367,2020-09-23,0.149993
547,0.31618037364028984,2020-09-24,0.1509895
546,0.2539933006004449,2020-09-25,0.1547565
545,0.22739330882599776,2020-09-28,0.1587025
544,0.17836368689433152,2020-09-29,0.157244
543,0.27310123946415965,2020-09-30,0.1574365
542,0.27825890479079207,2020-10-01,0.16106299999999998
541,0.32187441003958683,2020-10-02,0.15625
540,0.19686178851436367,2020-10-05,0.15996000000000002
539,0.28607726994446325,2020-10-06,0.154998
538,0.23319400722173575,2020-10-07,0.1597845
537,0.15596439554477365,2020-10-08,0.15952750000000002
536,0.27390188467979204,2020-10-09,0.16433250000000002
535,0.5090158758616998,2020-10-12,0.1721465
534,0.33082633100237413,2020-10-13,0.1721815
533,0.3365552638329047,2020-10-14,0.1681855
532,0.2953687678755119,2020-10-15,0.1669325
531,0.38046062033605876,2020-10-16,0.16363550000000002
530,0.2953808761888834,2020-10-19,0.1603605
529,0.2468151114981176,2020-10-20,0.1608505
528,0.25246506819480363,2020-10-21,0.15924700000000003
527,0.2265661341597199,2020-10-22,0.15882
526,0.1758664492978081,2020-10-23,0.16022
525,0.341468994262064,2020-10-26,0.160352
524,0.23194290553899058,2020-10-27,0.1643165
523,0.3201895858509052,2020-10-28,0.158139
522,0.3887715489567132,2020-10-29,0.1605505
521,0.5111846924640794,2020-10-30,0.1518075
520,0.43372339025148055,2020-11-02,0.150224
519,0.27322225457364224,2020-11-03,0.15242050000000001
518,0.4052682416103617,2020-11-04,0.16205799999999998
517,0.3338593954777027,2020-11-05,0.1661
516,0.2561787831397684,2020-11-06,0.1655685
515,0.4291695760360774,2020-11-09,0.15718700000000002
514,0.38839244990941335,2020-11-10,0.151751
513,0.2371043121984063,2020-11-11,0.1568695
512,0.23739579603434383,2020-11-12,0.155514
511,0.19599481967211776,2020-11-13,0.15644049999999998
510,0.19912998852031497,2020-11-16,0.156553
509,0.17437318134763288,2020-11-17,0.15678299999999998
508,0.13846325707515,2020-11-18,0.155273
507,0.1448190332074692,2020-11-19,0.155851
506,0.1699790200057293,2020-11-20,0.15497
505,0.2603661508151026,2020-11-23,0.1549195
504,0.18507795073152605,2020-11-24,0.15590299999999999
503,0.19788698172122823,2020-11-25,0.1592535
502,0.1028206680360941,2020-11-27,0.159767
501,0.21649249360425818,2020-11-30,0.158402
500,0.24917582446016576,2020-12-01,0.16100399999999998
499,0.15291622968984694,2020-12-02,0.1601765
498,0.13677646018372805,2020-12-03,0.1593365
497,0.1382438789255821,2020-12-04,0.158129
496,0.12720388612430267,2020-12-07,0.1579
495,0.163595966156208,2020-12-08,0.1588645
494,0.2190039482653582,2020-12-09,0.15521000000000001
493,0.14617380382042883,2020-12-10,0.1550745
492,0.14852125205715425,2020-12-11,0.155821
491,0.22274242403092534,2020-12-14,0.1578485
490,0.16613891603692046,2020-12-15,0.158256
489,0.24123290693692598,2020-12-16,0.162048
488,0.1763875149181772,2020-12-17,0.161804
487,0.3479015017285577,2020-12-18,0.16008250000000002
486,0.20104623114770362,2020-12-21,0.160309
485,0.10206655139543983,2020-12-22,0.160326
484,0.08247598060267564,2020-12-23,0.1592635
483,0.038813266536578545,2020-12-24,0.1586345
482,0.32688704770269095,2020-12-28,0.164198
481,0.2715252540473567,2020-12-29,0.1661
480,0.15835857642917447,2020-12-30,0.16429249999999998
479,0.14120939533811344,2020-12-31,0.1628465
478,0.24013315917132458,2021-01-04,0.15933150000000001
477,0.12068934143350549,2021-01-05,0.1609255
476,0.23900164408918104,2021-01-06,0.156919
475,0.17912195301316367,2021-01-07,0.158108
474,0.1807000471811718,2021-01-08,0.159135
473,0.18963509813431795,2021-01-11,0.1557105
472,0.17912446990976336,2021-01-12,0.1560415
471,0.16597280086134067,2021-01-13,0.1582945
470,0.14894463487976223,2021-01-14,0.1563735
469,0.22874222935496888,2021-01-15,0.1552125
468,0.1648774746708468,2021-01-19,0.156038
467,0.3012451772419381,2021-01-20,0.163169
466,0.2764310256413224,2021-01-21,0.1653495
465,0.13200626088498368,2021-01-22,0.1646115
464,0.19512213679434817,2021-01-25,0.16469999999999999
463,0.14107531957600541,2021-01-26,0.1663065
462,0.25705139799330556,2021-01-27,0.161629
461,0.15427154449666594,2021-01-28,0.161881
460,0.2321135783381428,2021-01-29,0.16031
459,0.2230429550897753,2021-02-01,0.16714400000000001
458,0.42292706025074456,2021-02-02,0.169
457,0.422256613415972,2021-02-03,0.16562649999999998
456,0.1897416240822942,2021-02-04,0.16655
455,0.18635041202325242,2021-02-05,0.1676075
454,0.1616292495483606,2021-02-08,0.166147
453,0.08994089184467077,2021-02-09,0.16525
452,0.15442949676435486,2021-02-10,0.164329
451,0.09659985198090446,2021-02-11,0.16310650000000002
450,0.09890736999319688,2021-02-12,0.16388550000000002
449,0.11519114679935771,2021-02-16,0.1634475
448,0.16467047693158007,2021-02-17,0.165432
447,0.14640651471955188,2021-02-18,0.1664115
446,0.23290456411277097,2021-02-19,0.162495
445,0.17919909249273266,2021-02-22,0.159037
444,0.25821216349539144,2021-02-23,0.159725
443,0.14488739756105548,2021-02-24,0.1579765
442,0.24845606005688567,2021-02-25,0.152858
441,0.2309145832174345,2021-02-26,0.1546465
440,0.12602346161904618,2021-03-01,0.15730699999999997
439,0.11662244467379451,2021-03-02,0.1547265
438,0.21137768354405298,2021-03-03,0.15025
437,0.31292786299116093,2021-03-04,0.1488785
436,0.30659977272143846,2021-03-05,0.150023
435,0.22472968395696483,2021-03-08,0.1475975
434,0.21418756051279783,2021-03-09,0.15314250000000001
433,0.14496997897921843,2021-03-10,0.15288200000000002
432,0.12890959375233854,2021-03-11,0.1556795
431,0.10479479928527571,2021-03-12,0.15447450000000001
430,0.13858270762728683,2021-03-15,0.154084
429,0.11274519947408213,2021-03-16,0.15459299999999998
428,0.15218700991825992,2021-03-17,0.1567865
427,0.18881418169742317,2021-03-18,0.1513995
426,0.254683882608015,2021-03-19,0.153748
425,0.13746622590050908,2021-03-22,0.1555435
424,0.19971411260414126,2021-03-23,0.156875
423,0.14133013835066635,2021-03-24,0.1543535
422,0.1824499705602834,2021-03-25,0.15231299999999998
421,0.16540683924757163,2021-03-26,0.1526015
420,0.12684009252929823,2021-03-29,0.1537865
419,0.0990613768554052,2021-03-30,0.1527645
418,0.1505076276681722,2021-03-31,0.154704
417,0.14006060210093418,2021-04-01,0.15805000000000002
416,0.16690051534314138,2021-04-05,0.1613365
415,0.11268023633211705,2021-04-06,0.161191
414,0.1676722502599935,2021-04-07,0.16396950000000002
413,0.1313379908256487,2021-04-08,0.164965
412,0.23537309548321136,2021-04-09,0.16861
411,0.16328951698913716,2021-04-12,0.16896950000000002
410,0.16560499383662322,2021-04-13,0.17
409,0.1539978149853911,2021-04-14,0.16665
408,0.1600095245501089,2021-04-15,0.1689545
407,0.15677626475875603,2021-04-16,0.169972
406,0.1254413102379602,2021-04-19,0.16860050000000001
405,0.11847746549200142,2021-04-20,0.1667345
404,0.09046059698039138,2021-04-21,0.168101
403,0.11559038101945512,2021-04-22,0.165452
402,0.15749752569514944,2021-04-23,0.167044
401,0.2720541424544546,2021-04-26,0.17045
400,0.2003859879477947,2021-04-27,0.1708715
399,0.2551280808457448,2021-04-28,0.17292500000000002
398,0.4626357977829547,2021-04-29,0.17356549999999998
397,0.41685310851335866,2021-04-30,0.173371
396,0.3397261454031246,2021-05-03,0.1693245
395,0.3100620701033634,2021-05-04,0.1655935
394,0.19250660505763914,2021-05-05,0.16352699999999998
393,0.24259883352400316,2021-05-06,0.1653185
392,0.2604606364739397,2021-05-07,0.1645805
391,0.33721421457239753,2021-05-10,0.15952449999999999
390,0.2543047835607152,2021-05-11,0.16119550000000002
389,0.27584322824894525,2021-05-12,0.15759700000000001
388,0.16839670833531084,2021-05-13,0.1580735
387,0.16622979641143915,2021-05-14,0.161145
386,0.1907577700662463,2021-05-17,0.16351949999999998
385,0.13244685383839497,2021-05-18,0.161614
384,0.12233280688887324,2021-05-19,0.16159
383,0.11916859169343091,2021-05-20,0.16238399999999997
382,0.2192791743097464,2021-05-21,0.160154
381,0.10485772170026805,2021-05-24,0.16224950000000002
380,0.16188216364451366,2021-05-25,0.1629525
379,0.1022165448279351,2021-05-26,0.16325800000000001
378,0.11426846611075639,2021-05-27,0.16150550000000002
377,0.09864683718301234,2021-05-28,0.1611535
376,0.10534967294915962,2021-06-01,0.1609325
375,0.07708417586803926,2021-06-02,0.1616995
374,0.1031897675212276,2021-06-03,0.1593505
373,0.09308517594001284,2021-06-04,0.160311
372,0.09077282820721827,2021-06-07,0.1599005
371,0.17246816271859422,2021-06-08,0.1632055
370,0.10708327051248939,2021-06-09,0.1640575
369,0.17653261060593792,2021-06-10,0.16748249999999998
368,0.13169593433666466,2021-06-11,0.1673415
367,0.1148465360378969,2021-06-14,0.1691935
366,0.10508811977548871,2021-06-15,0.1691565
365,0.2259387466640719,2021-06-16,0.17076249999999998
364,0.2894563056659011,2021-06-17,0.17446199999999998
363,0.2970210084568624,2021-06-18,0.174345
362,0.16297197987218115,2021-06-21,0.17269800000000002
361,0.16759436251386783,2021-06-22,0.17527199999999998
360,0.13142308914041134,2021-06-23,0.175191
359,0.20071651769314372,2021-06-24,0.172454
358,0.20813102297891253,2021-06-25,0.170073
357,0.09261199937927037,2021-06-28,0.1721945
356,0.08279242933191283,2021-06-29,0.172407
355,0.1035774376218129,2021-06-30,0.17200800000000002
354,0.07861669380032321,2021-07-01,0.1716485
353,0.15614010213712526,2021-07-02,0.175549
352,0.39885539314703866,2021-07-06,0.183787
351,0.30248505492633326,2021-07-07,0.18482900000000002
350,0.2924556301219472,2021-07-08,0.1865705
349,0.195018671936831,2021-07-09,0.18596700000000002
348,0.11498122401809674,2021-07-12,0.1859275
347,0.2016632789600232,2021-07-13,0.183868
346,0.16429423490204204,2021-07-14,0.184084
345,0.15672477041481095,2021-07-15,0.18156
344,0.21511772386696584,2021-07-16,0.1786815
343,0.19749189697930872,2021-07-19,0.1774795
342,0.1615128600866829,2021-07-20,0.1786595
341,0.09779517379306182,2021-07-21,0.17926
340,0.16217079046268937,2021-07-22,0.1819015
339,0.10577462032911336,2021-07-23,0.182832
338,0.13732262674586165,2021-07-26,0.18499100000000002
337,0.22111637277905818,2021-07-27,0.1813195
336,0.14407811326790523,2021-07-28,0.18151599999999998
335,0.31553822488620575,2021-07-29,0.17999600000000002
334,0.6179495415445913,2021-07-30,0.1663795
333,0.16819522055887046,2021-08-02,0.166574
332,0.22284779356695036,2021-08-03,0.16831200000000002
331,0.08860890934957324,2021-08-04,0.167736
330,0.10558490074488236,2021-08-05,0.1687995
329,0.11947143557618328,2021-08-06,0.167247
328,0.08617874364622005,2021-08-09,0.1670935
327,0.10415965702713131,2021-08-10,0.166034
326,0.14053207805586607,2021-08-11,0.16460550000000002
325,0.09812400293260023,2021-08-12,0.16517500000000002
324,0.07995309787052829,2021-08-13,0.1646985
323,0.16646597654641584,2021-08-16,0.1649495
322,0.17050852063091895,2021-08-17,0.16209800000000002
321,0.13080883032162116,2021-08-18,0.160061
320,0.19737401098451765,2021-08-19,0.1593875
319,0.16850221391980072,2021-08-20,0.15999750000000001
318,0.16235982980459612,2021-08-23,0.1632935
317,0.11363475236149287,2021-08-24,0.165289
316,0.05434925295570056,2021-08-25,0.164959
315,0.08281433313475342,2021-08-26,0.1658
314,0.1034670342925885,2021-08-27,0.1674815
313,0.1571976748786237,2021-08-30,0.1710785
312,0.23638937751562836,2021-08-31,0.1735395
311,0.18696963661100957,2021-09-01,0.17395
310,0.13905901330272083,2021-09-02,0.173156
309,0.11543623810878198,2021-09-03,0.17390250000000002
308,0.12651466460138105,2021-09-07,0.1754645
307,0.14775046947955606,2021-09-08,0.17627500000000002
306,0.12502200886929765,2021-09-09,0.174208
305,0.10312011070722527,2021-09-10,0.17345750000000001
304,0.11480347669877242,2021-09-13,0.1728585
303,0.0718036587776488,2021-09-14,0.1725
302,0.14123191135904584,2021-09-15,0.1737895
301,0.115794997910587,2021-09-16,0.174412
300,0.2540854054111472,2021-09-17,0.173126
299,0.2576617114066151,2021-09-20,0.16778649999999998
298,0.12921481848322575,2021-09-21,0.1671815
297,0.10408156520830839,2021-09-22,0.1690025
296,0.10190553803729185,2021-09-23,0.1708
295,0.08400339671752777,2021-09-24,0.171276
294,0.18727839860198284,2021-09-27,0.17029
293,0.24145078855338056,2021-09-28,0.165798
292,0.11434404103297963,2021-09-29,0.165056
291,0.1337149615792462,2021-09-30,0.164252
290,0.13293839694189197,2021-10-01,0.164163
289,0.2477252077037205,2021-10-04,0.159489
288,0.16243309190291694,2021-10-05,0.16105
287,0.11235154324104349,2021-10-06,0.1631005
286,0.10392320479522493,2021-10-07,0.1651215
285,0.07597490470989843,2021-10-08,0.16443100000000002
284,0.07842282473791434,2021-10-11,0.162315
283,0.06382264768425153,2021-10-12,0.1623665
282,0.10501234078056818,2021-10-13,0.164214
281,0.08371626643246538,2021-10-14,0.164993
280,0.2924092375954339,2021-10-15,0.170451
279,0.1559644635690061,2021-10-18,0.172337
278,0.10235891954639889,2021-10-19,0.1722075
277,0.08560441505186286,2021-10-20,0.170753
276,0.06802749758731869,2021-10-21,0.1717505
275,0.1535793979317501,2021-10-22,0.1667775
274,0.09146667537794473,2021-10-25,0.16601849999999999
273,0.12360037043586508,2021-10-26,0.16880350000000002
272,0.12386444050613568,2021-10-27,0.1696245
271,0.3283799075074716,2021-10-28,0.1723285
270,0.3812581364369997,2021-10-29,0.1686215
269,0.1855389509546646,2021-11-01,0.16590549999999998
268,0.11878751994339076,2021-11-02,0.1656375
267,0.17113890119279368,2021-11-03,0.1692
266,0.3041828037191755,2021-11-04,0.17385
265,0.2799614833041365,2021-11-05,0.1759495
264,0.1491536733460017,2021-11-08,0.17444900000000002
263,0.2322064994396342,2021-11-09,0.17881149999999998
262,0.21401001726617078,2021-11-10,0.1741025
261,0.09408220711465379,2021-11-11,0.173625
260,0.12299441057343066,2021-11-12,0.17625749999999998
259,0.1393396132614705,2021-11-15,0.177284
258,0.09086228007285604,2021-11-16,0.177035
257,0.11420812861659616,2021-11-17,0.17745
256,0.3280265216200281,2021-11-18,0.184803
255,0.27650938955707505,2021-11-19,0.18382849999999998
254,0.2698190022254614,2021-11-22,0.1786285
253,0.19120992713916976,2021-11-23,0.17900200000000002
252,0.09840936458761959,2021-11-24,0.1790205
251,0.14352840944568557,2021-11-26,0.175228
250,0.16218473543033632,2021-11-29,0.1780785
249,0.21221995958992892,2021-11-30,0.1753535
248,0.1956144281644018,2021-12-01,0.172186
247,0.16019373417151353,2021-12-02,0.171868
246,0.21456291822731435,2021-12-03,0.1694895
245,0.17425515930437696,2021-12-06,0.1713685
244,0.16592463970478435,2021-12-07,0.1761645
243,0.09396500136218694,2021-12-08,0.17615799999999998
242,0.09671372454598251,2021-12-09,0.174171
241,0.14646644406831758,2021-12-10,0.17221199999999998
240,0.15149765234687346,2021-12-13,0.16956749999999998
239,0.1304314999043643,2021-12-14,0.1690915
238,0.19784004500085559,2021-12-15,0.173315
237,0.14710274273841317,2021-12-16,0.16887100000000002
236,0.23171917383854748,2021-12-17,0.17001750000000002
235,0.1351842849996081,2021-12-20,0.167079
234,0.13036531232621562,2021-12-21,0.170417
233,0.1272349731985205,2021-12-22,0.171037
232,0.06517231647977934,2021-12-23,0.1710685
231,0.14019821512312827,2021-12-27,0.1696695
230,0.12613434111789756,2021-12-28,0.170661
229,0.0616547834211259,2021-12-29,0.169201
228,0.06787580354901282,2021-12-30,0.1686445
227,0.10272897137078632,2021-12-31,0.166717
226,0.15728018827255422,2022-01-03,0.17040450000000001
225,0.1805989631717895,2022-01-04,0.167522
224,0.15875488560727763,2022-01-05,0.164357
223,0.11676713221616072,2022-01-06,0.16325399999999998
222,0.09856425576484942,2022-01-07,0.162554
221,0.23866832535030266,2022-01-10,0.161486
220,0.15366279564070212,2022-01-11,0.16536199999999998
219,0.11020735141080146,2022-01-12,0.165207
218,0.11755117951908162,2022-01-13,0.161214
217,0.09641795518340224,2022-01-14,0.162138
216,0.169430336546996,2022-01-18,0.1589175
215,0.12113476410741891,2022-01-19,0.156299
214,0.18484421946891663,2022-01-20,0.15166749999999998
213,0.4977492943422155,2022-01-21,0.142643
212,0.47078891018438507,2022-01-24,0.144544
211,0.24896161615226206,2022-01-25,0.139986
210,0.2652093401152381,2022-01-26,0.1388725
209,0.20369536685523018,2022-01-27,0.1396375
208,0.19307059396866785,2022-01-28,0.143978
207,0.20638790202304338,2022-01-31,0.1495735
206,0.14146693508207134,2022-02-01,0.1511935
205,0.23707472165730178,2022-02-02,0.1506125
204,0.7071277456953223,2022-02-03,0.13884549999999998
203,0.8021045394905862,2022-02-04,0.1576395
202,0.2890949609432639,2022-02-07,0.15793549999999998
201,0.1986770831808349,2022-02-08,0.1614135
200,0.17400210915975908,2022-02-09,0.1611895
199,0.17224205017001631,2022-02-10,0.1590035
198,0.20228263959624518,2022-02-11,0.1532935
197,0.22313295114927248,2022-02-14,0.155167
196,0.13381699792788246,2022-02-15,0.1565105
195,0.11930613669139256,2022-02-16,0.1581005
194,0.15783581020299478,2022-02-17,0.1546525
193,0.15637873114446924,2022-02-18,0.1526015
192,0.16496386544602548,2022-02-22,0.15019749999999998
191,0.15855366992776698,2022-02-23,0.144827
190,0.2828414252322782,2022-02-24,0.151358
189,0.15226755060945013,2022-02-25,0.1537885
188,0.13624124552301475,2022-02-28,0.15356299999999998
187,0.09267226884919816,2022-03-01,0.151142
186,0.10104312681861832,2022-03-02,0.1520525
185,0.16179720137821588,2022-03-03,0.14789850000000002
184,0.14746422350951519,2022-03-04,0.145641
183,0.23572818197646553,2022-03-07,0.137453
182,0.25181155939390476,2022-03-08,0.1360145
181,0.22118051963023413,2022-03-09,0.139279
180,0.39942523214205583,2022-03-10,0.1468175
179,0.17439311244773317,2022-03-11,0.1455245
178,0.19203023135797273,2022-03-14,0.141853
177,0.19712694697235308,2022-03-15,0.1473665
176,0.22900677559486646,2022-03-16,0.15310400000000002
175,0.18811455246694064,2022-03-17,0.15723900000000002
174,0.29024586293164834,2022-03-18,0.1612505
173,0.16635591333835353,2022-03-21,0.1614915
172,0.15801818317012398,2022-03-22,0.164889
171,0.12987567390122648,2022-03-23,0.163408
170,0.13322994880206193,2022-03-24,0.16364949999999998
169,0.10699790010079707,2022-03-25,0.16477350000000002
168,0.14362323522568485,2022-03-28,0.1689905
167,0.16505012017273932,2022-03-29,0.169315
166,0.13108446451140385,2022-03-30,0.16630099999999998
165,0.14400403487879532,2022-03-31,0.1629975
164,0.13422119791694684,2022-04-01,0.16356
163,0.1101353817728967,2022-04-04,0.16834649999999998
162,0.12278992973076361,2022-04-05,0.164055
161,0.20893309670342583,2022-04-06,0.158756
160,0.17179533503568684,2022-04-07,0.15778450000000002
159,0.09650910765485063,2022-04-08,0.1544605
158,0.11729282348433465,2022-04-11,0.151122
157,0.12771787722449965,2022-04-12,0.1507875
156,0.12164140859051406,2022-04-13,0.15554099999999998
155,0.11554392046870943,2022-04-14,0.1517065
154,0.09825005183528221,2022-04-18,0.152785
153,0.12686410508334398,2022-04-19,0.1581155
152,0.14286204406485847,2022-04-20,0.153998
151,0.15762092165276687,2022-04-21,0.14829599999999998
150,0.1886034426253731,2022-04-22,0.14435
149,0.15049762810600584,2022-04-25,0.146074
148,0.2037408070424895,2022-04-26,0.139391
147,0.18267757964197462,2022-04-27,0.138167
146,0.33906746676056143,2022-04-28,0.1445965
145,0.8674282098875093,2022-04-29,0.12428149999999999
144,0.44611053495168806,2022-05-02,0.1245
143,0.20919703072523158,2022-05-03,0.1242535
142,0.31671613249486263,2022-05-04,0.1259285
141,0.43115282253240395,2022-05-05,0.116407
140,0.3626819429981445,2022-05-06,0.1147725
139,0.3758258572840709,2022-05-09,0.108789
138,0.29865046092035086,2022-05-10,0.108859
137,0.3131730223248177,2022-05-11,0.105372
136,0.3890931675276147,2022-05-12,0.1069305
135,0.2586887412677551,2022-05-13,0.113055
134,0.19366158849996898,2022-05-16,0.1108105
133,0.20006266877108267,2022-05-17,0.1153685
132,0.30866825358099237,2022-05-18,0.1071125
131,0.2398391584387873,2022-05-19,0.107319
130,0.2784704601536312,2022-05-20,0.10759099999999999
129,0.3066893606355411,2022-05-23,0.107557
128,0.2901503569093248,2022-05-24,0.1041
127,0.256768893356048,2022-05-25,0.10677500000000001
126,0.2563692509905561,2022-05-26,0.1110775
125,0.25860575170419764,2022-05-27,0.1151465
124,0.4319791128836602,2022-05-31,0.12020950000000001
123,0.37380077588480354,2022-06-01,0.121684
122,0.28207588052057675,2022-06-02,0.12551099999999998
121,0.27201727332048065,2022-06-03,0.12235
120,0.4001262218571868,2022-06-06,0.12479000000000001
119,0.2296837187438355,2022-06-07,0.123
118,0.16087679950140074,2022-06-08,0.12118000000000001
117,0.1680303978437067,2022-06-09,0.11615
116,0.23735528760393523,2022-06-10,0.10965000000000001
115,0.2777123300832639,2022-06-13,0.10367
114,0.17720999591241773,2022-06-14,0.10231
113,0.22918833227120652,2022-06-15,0.10767
112,0.21958072573208268,2022-06-16,0.10366
111,0.2793939231209055,2022-06-17,0.10622
110,0.18119788252616803,2022-06-21,0.10868000000000001
109,0.14425691496283213,2022-06-22,0.10895
108,0.1588997091981087,2022-06-23,0.11244
107,0.1776822881581387,2022-06-24,0.11646
106,0.15137602501929906,2022-06-27,0.11322
105,0.19572370909379125,2022-06-28,0.10740000000000001
104,0.165804304837626,2022-06-29,0.10892
103,0.2722760375006221,2022-06-30,0.10621
102,0.18840817906619955,2022-07-01,0.10956
101,0.20086763352547396,2022-07-05,0.1135
100,0.1677890478670658,2022-07-06,0.11433
99,0.13688373439826096,2022-07-07,0.11633
98,0.09555006801401858,2022-07-08,0.11554
97,0.12214866529170104,2022-07-11,0.11175
96,0.12466637818218415,2022-07-12,0.10922
95,0.14872501864538082,2022-07-13,0.11040000000000001
94,0.1140643934134839,2022-07-14,0.11062999999999999
93,0.22683047632692024,2022-07-15,0.11355
92,0.1411117805645848,2022-07-18,0.11376
91,0.14748775989393395,2022-07-19,0.11821
90,0.1824463652759649,2022-07-20,0.12276999999999999
89,0.14493634099628466,2022-07-21,0.12462999999999999
88,0.11508700169951633,2022-07-22,0.12242
87,0.11086086021170038,2022-07-25,0.12114
86,0.16818420063321776,2022-07-26,0.11481
85,0.14950120914945672,2022-07-27,0.12097
84,0.2197822135085231,2022-07-28,0.12228
83,0.446463988863364,2022-07-29,0.13495
82,0.2014203304139203,2022-08-01,0.13538999999999998
81,0.15065901559743217,2022-08-02,0.13416
80,0.18434920712956598,2022-08-03,0.13952
79,0.1801223173751934,2022-08-04,0.14257
78,0.11244449835465109,2022-08-05,0.1408
77,0.11794293107361237,2022-08-08,0.13941
76,0.0775747666322823,2022-08-09,0.13783
75,0.1263450801899476,2022-08-10,0.14269
74,0.09265104528868182,2022-08-11,0.14064
73,0.10209328491878253,2022-08-12,0.14355
72,0.07274456996053982,2022-08-15,0.14318
71,0.1410690613466224,2022-08-16,0.14478
70,0.10381531836260019,2022-08-17,0.1421
69,0.06745282887179938,2022-08-18,0.1423
68,0.10260128988652617,2022-08-19,0.13823
67,0.11167796729157942,2022-08-22,0.13322
66,0.06334879088118481,2022-08-23,0.13362000000000002
65,0.07142626033615954,2022-08-24,0.1338
64,0.06758051035605953,2022-08-25,0.13728
63,0.12140937793371526,2022-08-26,0.13075
62,0.10365158403515523,2022-08-29,0.12979
61,0.10739750845417281,2022-08-30,0.12872999999999998
60,0.12251830897069393,2022-08-31,0.12677
59,0.13267925862847213,2022-09-01,0.12782
58,0.13537873226799257,2022-09-02,0.12751
57,0.0893221094144244,2022-09-06,0.12611
56,0.1027429503505495,2022-09-07,0.12947999999999998
55,0.0896619584796155,2022-09-08,0.12982
54,0.1081432921263551,2022-09-09,0.13327
53,0.12312426883312838,2022-09-12,0.13645
52,0.1872954386722051,2022-09-13,0.12682
51,0.09417965182760138,2022-09-14,0.12855
50,0.11992828632114397,2022-09-15,0.12628
49,0.3334583926275623,2022-09-16,0.12353
48,0.10085609419156807,2022-09-19,0.12465999999999999
47,0.10228018149736792,2022-09-20,0.12219
46,0.13901483156376135,2022-09-21,0.11854
45,0.12789388992589715,2022-09-22,0.11731
44,0.16155731392257208,2022-09-23,0.11378
43,0.15338284191216048,2022-09-26,0.11515
42,0.14444248506888524,2022-09-27,0.11441
41,0.12971204161013017,2022-09-28,0.11801
40,0.14061619001925854,2022-09-29,0.1148
39,0.14235039980068015,2022-09-30,0.113
38,0.11331173929382674,2022-10-03,0.11588
37,0.15368653609781815,2022-10-04,0.12109
36,0.10404578446205326,2022-10-05,0.12095
35,0.08376170661972471,2022-10-06,0.12029999999999999
34,0.12601910806817104,2022-10-07,0.11456000000000001
33,0.08405393872221892,2022-10-10,0.11367000000000001
32,0.13198568355467538,2022-10-11,0.11220999999999999
31,0.09558057688226079,2022-10-12,0.1129
30,0.23550451830025484,2022-10-13,0.11253
29,0.17043675506571146,2022-10-14,0.10690000000000001
28,0.15358256105855783,2022-10-17,0.11379
27,0.16319254844581652,2022-10-18,0.11636
26,0.1005785213111613,2022-10-19,0.11506999999999999
25,0.10601018824599823,2022-10-20,0.11525
24,0.12936083249812422,2022-10-21,0.11932
23,0.10851490850808831,2022-10-24,0.11982
22,0.11328711452168921,2022-10-25,0.1206
21,0.17473969591193428,2022-10-26,0.11566
20,0.3808631197193125,2022-10-27,0.11095999999999999
19,0.6989716402276652,2022-10-28,0.10341
18,0.2776227421691614,2022-10-31,0.10244
17,0.46169155341267487,2022-11-01,0.09679
16,0.4018023389441182,2022-11-02,0.09212000000000001
15,0.4049365554530614,2022-11-03,0.08929999999999999
14,0.3791485689410615,2022-11-04,0.09098
13,0.20362710453799251,2022-11-07,0.09053
12,0.24174665995230946,2022-11-08,0.08998
11,0.24886498773010354,2022-11-09,0.08614
10,0.5298685002386295,2022-11-10,0.09663
9,0.31959063248441044,2022-11-11,0.10079
8,0.278580761446507,2022-11-14,0.09849
7,0.3187260444902993,2022-11-15,0.09894
6,0.23921432185185518,2022-11-16,0.09712
5,0.22104858663144747,2022-11-17,0.09484999999999999
4,0.18639132859905555,2022-11-18,0.09414
3,0.22687282141160428,2022-11-21,0.09246
2,0.15157574416569639,2022-11-22,0.0932
1,0.14212962715434752,2022-11-23,0.09412999999999999
0,0.059391511770813754,2022-11-25,0.093410004
