Date,Close/Last,Volume,Open,High,Low
12/1/2022,$193.12 ,31168450,$197.08 ,$198.92 ,$191.80 
11/30/2022,$194.70 ,109186400,$182.43 ,$194.76 ,$180.63 
11/29/2022,$180.83 ,83357110,$184.99 ,$186.38 ,$178.75 
11/28/2022,$182.92 ,93038150,$179.96 ,$188.50 ,$179 
11/25/2022,$182.86 ,50672740,$185.06 ,$185.20 ,$180.63 
11/23/2022,$183.20 ,109536700,$173.57 ,$183.62 ,$172.50 
11/22/2022,$169.91 ,78452330,$168.63 ,$170.92 ,$166.19 
11/21/2022,$167.87 ,92882710,$175.85 ,$176.77 ,$167.54 
11/18/2022,$180.19 ,76048870,$185.05 ,$185.19 ,$176.55 
11/17/2022,$183.17 ,64335970,$183.96 ,$186.16 ,$180.90 
11/16/2022,$186.92 ,66567600,$191.51 ,$192.57 ,$185.66 
11/15/2022,$194.42 ,91293790,$195.88 ,$200.82 ,$192.06 
11/14/2022,$190.95 ,92226650,$192.77 ,$195.73 ,$186.34 
11/11/2022,$195.97 ,114403600,$186 ,$196.52 ,$182.59 
11/10/2022,$190.72 ,132703000,$189.90 ,$191 ,$180.03 
11/9/2022,$177.59 ,127062700,$190.78 ,$195.89 ,$177.12 
11/8/2022,$191.30 ,128803400,$194.02 ,$195.20 ,$186.75 
11/7/2022,$197.08 ,93916520,$208.65 ,$208.90 ,$196.66 
11/4/2022,$207.47 ,98622210,$222.60 ,$223.80 ,$203.08 
11/3/2022,$215.31 ,56538850,$211.36 ,$221.20 ,$210.14 
11/2/2022,$214.98 ,63070290,$226.04 ,$227.87 ,$214.82 
11/1/2022,$227.82 ,62688820,$234.05 ,$237.40 ,$227.28 
10/31/2022,$227.54 ,61554340,$226.19 ,$229.85 ,$221.94 
10/28/2022,$228.52 ,69152390,$225.40 ,$228.86 ,$216.35 
10/27/2022,$225.09 ,61638820,$229.77 ,$233.81 ,$222.85 
10/26/2022,$224.64 ,85327080,$219.40 ,$230.60 ,$218.20 
10/25/2022,$222.42 ,96507870,$210.10 ,$224.35 ,$210 
10/24/2022,$211.25 ,100446800,$205.82 ,$213.50 ,$198.59 
10/21/2022,$214.44 ,75713750,$206.42 ,$214.66 ,$203.80 
10/20/2022,$207.28 ,117798100,$208.28 ,$215.55 ,$202 
10/19/2022,$222.04 ,66571480,$219.80 ,$222.93 ,$217.78 
10/18/2022,$220.19 ,75891910,$229.50 ,$229.82 ,$217.25 
10/17/2022,$219.35 ,79428810,$210.04 ,$221.86 ,$209.45 
10/14/2022,$204.99 ,94124510,$224.01 ,$226.26 ,$204.16 
10/13/2022,$221.72 ,91483050,$208.30 ,$222.99 ,$206.22 
10/12/2022,$217.24 ,66860700,$215.33 ,$219.30 ,$211.51 
10/11/2022,$216.50 ,77013200,$220.95 ,$225.75 ,$215 
10/10/2022,$222.96 ,67925020,$223.93 ,$226.99 ,$218.36 
10/7/2022,$223.07 ,83916800,$233.94 ,$234.57 ,$222.02 
10/6/2022,$238.13 ,69298440,$239.44 ,$244.58 ,$235.35 
10/5/2022,$240.81 ,86982670,$245.01 ,$246.67 ,$233.27 
10/4/2022,$249.44 ,109578500,$250.52 ,$257.50 ,$242.01 
10/3/2022,$242.40 ,98363540,$254.50 ,$255.16 ,$241.01 
9/30/2022,$265.25 ,67726600,$266.15 ,$275.57 ,$262.47 
9/29/2022,$268.21 ,77620640,$282.76 ,$283.65 ,$265.78 
9/28/2022,$287.81 ,54664810,$283.08 ,$289 ,$277.57 
9/27/2022,$282.94 ,61925190,$283.84 ,$288.67 ,$277.51 
9/26/2022,$276.01 ,58076910,$271.83 ,$284.09 ,$270.31 
9/23/2022,$275.33 ,63748360,$283.09 ,$284.50 ,$272.82 
9/22/2022,$288.59 ,70545410,$299.86 ,$301.29 ,$285.82 
9/21/2022,$300.80 ,62555660,$308.29 ,$313.80 ,$300.63 
9/20/2022,$308.73 ,61642780,$306.91 ,$313.33 ,$305.58 
9/19/2022,$309.07 ,60231160,$300.09 ,$309.84 ,$297.80 
9/16/2022,$303.35 ,87087790,$299.61 ,$303.71 ,$295.60 
9/15/2022,$303.75 ,64795520,$301.83 ,$309.12 ,$300.72 
9/14/2022,$302.61 ,72628650,$292.24 ,$306 ,$291.64 
9/13/2022,$292.13 ,68229620,$292.90 ,$297.40 ,$290.40 
9/12/2022,$304.42 ,48674600,$300.72 ,$305.49 ,$300.40 
9/9/2022,$299.68 ,54470850,$291.67 ,$299.85 ,$291.25 
9/8/2022,$289.26 ,53713120,$281.30 ,$289.50 ,$279.76 
9/7/2022,$283.70 ,50028920,$273.10 ,$283.84 ,$272.27 
9/6/2022,$274.42 ,55859980,$272.68 ,$275.99 ,$265.74 
9/2/2022,$270.21 ,50890090,$281.07 ,$282.35 ,$269.08 
9/1/2022,$277.16 ,54287020,$272.58 ,$277.58 ,$266.15 
8/31/2022,$275.61 ,52107340,$280.62 ,$281.25 ,$271.81 
8/30/2022,$277.70 ,50541760,$287.87 ,$288.48 ,$272.65 
8/29/2022,$284.82 ,41864740,$282.83 ,$287.74 ,$280.70 
8/26/2022,$288.09 ,57163950,$297.43 ,$302 ,$287.47 
8/25/2022,$296.07 ,53230010,$302.36 ,$302.96 ,$291.60 
8/24/2022,$297.10 ,57259716,$297.56 ,$303.65 ,$296.50 
8/23/2022,$296.45 ,63985056,$291.45 ,$298.83 ,$287.92 
8/22/2022,$289.91 ,55843356,$291.91 ,$292.40 ,$286.30 
8/19/2022,$296.67 ,61395396,$299 ,$300.36 ,$292.50 
8/18/2022,$302.87 ,47500535,$306 ,$306.50 ,$301.85 
8/17/2022,$304.00 ,68765977,$303.40 ,$309.66 ,$300.03 
8/16/2022,$306.56 ,88136319,$311.67 ,$314.67 ,$302.88 
8/15/2022,$309.32 ,89359179,$301.79 ,$313.13 ,$301.23 
8/12/2022,$300.03 ,79657298,$289.42 ,$300.16 ,$285.03 
8/11/2022,$286.63 ,70155067,$296.51 ,$298.24 ,$285.83 
8/10/2022,$294.36 ,94918869,$297.07 ,$297.51 ,$283.37 
8/9/2022,$283.33 ,86244699,$290.29 ,$292.40 ,$279.35 
8/8/2022,$290.42 ,99365290,$295 ,$305.20 ,$289.09 
8/5/2022,$288.17 ,113172911,$302.67 ,$304.61 ,$285.54 
8/4/2022,$308.63 ,72256327,$311 ,$313.61 ,$305 
8/3/2022,$307.40 ,80091128,$305 ,$309.55 ,$301.15 
8/2/2022,$300.59 ,95577490,$294.00 ,$307.83 ,$292.67 
8/1/2022,$297.28 ,117042912,$301.28 ,$311.88 ,$295 
7/29/2022,$297.15 ,95312890,$280.70 ,$298.32 ,$279.10 
7/28/2022,$280.90 ,84723008,$280.07 ,$283.30 ,$272.80 
7/27/2022,$274.82 ,88110009,$263.81 ,$275.93 ,$261.79 
7/26/2022,$258.86 ,66820777,$266.51 ,$267.31 ,$256.26 
7/25/2022,$268.43 ,64073526,$272.22 ,$274.15 ,$267.40 
7/22/2022,$272.24 ,103472860,$276.22 ,$280.79 ,$270.71 
7/21/2022,$271.71 ,142032194,$255.11 ,$273.27 ,$254.87 
7/20/2022,$247.50 ,88864089,$246.78 ,$250.66 ,$243.48 
7/19/2022,$245.53 ,80890118,$245 ,$247.14 ,$236.98 
7/18/2022,$240.55 ,82537448,$244.94 ,$250.52 ,$239.60 
7/15/2022,$240.07 ,69683017,$240 ,$243.62 ,$236.89 
7/14/2022,$238.31 ,78557498,$234.90 ,$238.65 ,$229.33 
7/13/2022,$237.04 ,97954510,$225.50 ,$242.06 ,$225.03 
7/12/2022,$233.07 ,87930969,$236.85 ,$239.77 ,$228.37 
7/11/2022,$234.34 ,99509230,$252.10 ,$253.06 ,$233.63 
7/8/2022,$250.76 ,101854090,$242.33 ,$254.98 ,$241.16 
7/7/2022,$244.54 ,81930698,$233.92 ,$245.36 ,$232.21 
7/6/2022,$231.73 ,71853637,$230.78 ,$234.56 ,$227.19 
7/5/2022,$233.07 ,84779108,$223 ,$233.15 ,$216.17 
7/1/2022,$227.26 ,74460457,$227 ,$230.23 ,$222.12 
6/30/2022,$224.47 ,94600449,$224.51 ,$229.46 ,$218.86 
6/29/2022,$228.49 ,82897268,$230.50 ,$231.17 ,$222.27 
6/28/2022,$232.66 ,90666519,$244.48 ,$249.97 ,$232.34 
6/27/2022,$244.92 ,89178309,$249.37 ,$252.07 ,$242.57 
6/24/2022,$245.71 ,95770720,$237.47 ,$246.07 ,$236.09 
6/23/2022,$235.07 ,104202700,$237.91 ,$239.32 ,$228.64 
6/22/2022,$236.09 ,101527270,$234.50 ,$246.83 ,$233.83 
6/21/2022,$237.04 ,122792982,$224.60 ,$243.58 ,$224.33 
6/17/2022,$216.76 ,92641779,$213.43 ,$220.97 ,$213.20 
6/16/2022,$213.10 ,107390711,$222.74 ,$225.17 ,$208.69 
6/15/2022,$233 ,119131962,$220.92 ,$235.66 ,$218.15 
6/14/2022,$220.89 ,97988800,$218.29 ,$226.33 ,$211.74 
6/13/2022,$215.74 ,102767260,$223.17 ,$226.63 ,$214.68 
6/10/2022,$232.23 ,98090920,$235.16 ,$239.50 ,$227.91 
6/9/2022,$239.71 ,96491320,$249.34 ,$255.55 ,$239.33 
6/8/2022,$241.87 ,76210628,$240.09 ,$249.96 ,$239.18 
6/7/2022,$238.89 ,72808597,$234 ,$240.00 ,$230.09 
6/6/2022,$238.28 ,84204518,$244.35 ,$244.87 ,$234.35 
6/3/2022,$234.52 ,112393751,$243.23 ,$247.80 ,$233.42 
6/2/2022,$258.33 ,93473139,$244.16 ,$264.21 ,$242.07 
6/1/2022,$246.79 ,77247968,$251.72 ,$257.33 ,$243.64 
5/31/2022,$252.75 ,101914390,$257.95 ,$259.60 ,$244.74 
5/27/2022,$253.21 ,89294979,$241.08 ,$253.27 ,$240.18 
5/26/2022,$235.91 ,106003361,$220.47 ,$239.56 ,$217.89 
5/25/2022,$219.60 ,92139339,$207.95 ,$223.11 ,$207.67 
5/24/2022,$209.39 ,89092539,$217.84 ,$217.97 ,$206.86 
5/23/2022,$224.97 ,88903659,$218.34 ,$226.65 ,$212.69 
5/20/2022,$221.30 ,144973334,$238.00 ,$240.53 ,$211 
5/19/2022,$236.47 ,90296679,$235.67 ,$244.67 ,$231.37 
5/18/2022,$236.60 ,87811809,$248.17 ,$253.50 ,$233.60 
5/17/2022,$253.87 ,80236118,$249.12 ,$254.83 ,$242.95 
5/16/2022,$241.46 ,86098539,$255.72 ,$256.59 ,$239.70 
5/13/2022,$256.53 ,92150739,$257.83 ,$262.45 ,$250.52 
5/12/2022,$242.67 ,140312864,$233.67 ,$253.22 ,$226.67 
5/11/2022,$244.67 ,97224460,$265 ,$269.92 ,$242.40 
5/10/2022,$266.68 ,84401648,$273.10 ,$275.12 ,$258.08 
5/9/2022,$262.37 ,90810219,$278.82 ,$281.88 ,$260.38 
5/6/2022,$288.55 ,72903127,$295.67 ,$296 ,$281.04 
5/5/2022,$291.09 ,92519199,$313.07 ,$315.20 ,$285.90 
5/4/2022,$317.54 ,81643718,$301.31 ,$318.50 ,$295.09 
5/3/2022,$303.08 ,63709596,$301.06 ,$308.03 ,$296.20 
5/2/2022,$300.98 ,75781388,$286.92 ,$302.12 ,$282.68 
4/29/2022,$290.25 ,88133019,$300.75 ,$311.47 ,$290 
4/28/2022,$292.50 ,124948542,$299.99 ,$300 ,$273.90 
4/27/2022,$293.84 ,76956398,$299.53 ,$306 ,$292.45 
4/26/2022,$292.14 ,136133684,$331.81 ,$333.33 ,$291.67 
4/25/2022,$332.67 ,68341357,$326.32 ,$336.21 ,$325.10 
4/22/2022,$335.02 ,69696577,$338.30 ,$344.95 ,$331.33 
4/21/2022,$336.26 ,105416351,$358.24 ,$364.07 ,$332.14 
4/20/2022,$325.73 ,70711327,$343.33 ,$344.67 ,$325.08 
4/19/2022,$342.72 ,49847825,$335.02 ,$344.98 ,$331.78 
4/18/2022,$334.76 ,51715235,$329.68 ,$338.31 ,$324.47 
4/14/2022,$328.33 ,58422426,$333.10 ,$337.57 ,$327.40 
4/13/2022,$340.79 ,55121226,$327.03 ,$342.08 ,$324.37 
4/12/2022,$328.98 ,65976097,$332.55 ,$340.40 ,$325.53 
4/11/2022,$325.31 ,59357226,$326.80 ,$336.16 ,$324.88 
4/8/2022,$341.83 ,55013706,$347.74 ,$349.48 ,$340.81 
4/7/2022,$352.42 ,79447058,$350.80 ,$358.86 ,$340.51 
4/6/2022,$348.59 ,89348559,$357.82 ,$359.67 ,$342.57 
4/5/2022,$363.75 ,80075018,$378.77 ,$384.29 ,$362.43 
4/4/2022,$381.82 ,82177718,$363.13 ,$383.30 ,$357.51 
4/1/2022,$361.53 ,54263225,$360.38 ,$364.92 ,$355.55 
3/31/2022,$359.20 ,48992765,$364.86 ,$367.71 ,$358.88 
3/30/2022,$364.66 ,59865006,$363.72 ,$371.32 ,$361.33 
3/29/2022,$366.52 ,73614817,$369.33 ,$371.59 ,$357.70 
3/28/2022,$363.95 ,102506080,$355.03 ,$365.96 ,$351.20 
3/25/2022,$336.88 ,62031546,$336 ,$340.60 ,$332.44 
3/24/2022,$337.97 ,68920897,$336.58 ,$341.50 ,$329.60 
3/23/2022,$333.04 ,120676152,$326.65 ,$346.90 ,$325.47 
3/22/2022,$331.33 ,105868571,$310 ,$332.62 ,$307.25 
3/21/2022,$307.05 ,81981668,$304.99 ,$314.28 ,$302.36 
3/18/2022,$301.80 ,100414210,$291.50 ,$302.62 ,$289.13 
3/17/2022,$290.53 ,66582967,$277.00 ,$291.67 ,$275.24 
3/16/2022,$280.08 ,84028838,$269.67 ,$280.67 ,$267.42 
3/15/2022,$267.30 ,66841147,$258.42 ,$268.52 ,$252.19 
3/14/2022,$255.46 ,71152267,$260.20 ,$266.90 ,$252.01 
3/11/2022,$265.12 ,67037167,$280.07 ,$281.27 ,$264.59 
3/10/2022,$279.43 ,58648656,$283.82 ,$284.82 ,$270.12 
3/9/2022,$286.32 ,59183976,$279.83 ,$286.85 ,$277.34 
3/8/2022,$274.80 ,80399108,$265.18 ,$283.33 ,$260.72 
3/7/2022,$268.19 ,72494167,$285.43 ,$288.71 ,$268.19 
3/4/2022,$279.43 ,67179877,$283.03 ,$285.22 ,$275.05 
3/3/2022,$279.76 ,61623516,$292.92 ,$295.48 ,$277.53 
3/2/2022,$293.30 ,74643457,$290.71 ,$295.49 ,$281.42 
3/1/2022,$288.12 ,74766877,$289.89 ,$296.63 ,$284.59 
2/28/2022,$290.14 ,99006880,$271.67 ,$292.29 ,$271.57 
2/25/2022,$269.96 ,76067768,$269.74 ,$273.17 ,$260.80 
2/24/2022,$266.92 ,135322304,$233.46 ,$267.49 ,$233.33 
2/23/2022,$254.68 ,95257030,$276.81 ,$278.43 ,$253.52 
2/22/2022,$273.84 ,83288198,$278.04 ,$285.58 ,$267.03 
2/18/2022,$285.66 ,68501857,$295.33 ,$295.62 ,$279.20 
2/17/2022,$292.12 ,55178436,$304.42 ,$306.17 ,$291.37 
2/16/2022,$307.80 ,51294395,$304.68 ,$308.81 ,$300.40 
2/15/2022,$307.48 ,57649536,$300 ,$307.67 ,$297.79 
2/14/2022,$291.92 ,67756417,$287.19 ,$299.63 ,$284.38 
2/11/2022,$286.67 ,79645868,$303.21 ,$305.32 ,$283.57 
2/10/2022,$301.52 ,66126847,$302.79 ,$314.60 ,$298.90 
2/9/2022,$310.67 ,52259555,$311.67 ,$315.42 ,$306.67 
2/8/2022,$307.33 ,50729015,$301.84 ,$308.76 ,$298.27 
2/7/2022,$302.45 ,60994476,$307.93 ,$315.92 ,$300.90 
2/4/2022,$307.77 ,73625467,$299.07 ,$312.17 ,$293.72 
2/3/2022,$297.05 ,78855578,$294 ,$312.33 ,$293.51 
2/2/2022,$301.89 ,66793057,$309.39 ,$310.50 ,$296.47 
2/1/2022,$310.42 ,73138357,$311.74 ,$314.57 ,$301.67 
1/31/2022,$312.24 ,104436100,$290.90 ,$312.66 ,$287.35 
1/28/2022,$282.12 ,134788963,$277.19 ,$285.83 ,$264.00 
1/27/2022,$276.37 ,147109575,$311.12 ,$311.80 ,$276.33 
1/26/2022,$312.47 ,104867290,$317.48 ,$329.23 ,$302 
1/25/2022,$306.13 ,86595909,$304.73 ,$317.09 ,$301.07 
1/24/2022,$310 ,152375145,$301.59 ,$311.17 ,$283.82 
1/21/2022,$314.63 ,103416040,$332.11 ,$334.85 ,$313.50 
1/20/2022,$332.09 ,70488757,$336.58 ,$347.22 ,$331.33 
1/19/2022,$331.88 ,75442508,$347.24 ,$351.56 ,$331.67 
1/18/2022,$343.50 ,66989407,$342.20 ,$356.93 ,$338.69 
1/14/2022,$349.87 ,72924427,$339.96 ,$350.67 ,$337.79 
1/13/2022,$343.85 ,97209790,$369.69 ,$371.87 ,$342.18 
1/12/2022,$368.74 ,83739038,$359.62 ,$371.61 ,$357.53 
1/11/2022,$354.80 ,66063217,$351.22 ,$358.62 ,$346.27 
1/10/2022,$352.71 ,91814889,$333.33 ,$353.03 ,$326.67 
1/7/2022,$342.32 ,84164768,$360.12 ,$360.31 ,$336.67 
1/6/2022,$354.90 ,90336489,$359 ,$362.67 ,$340.17 
1/5/2022,$362.71 ,80119808,$382.22 ,$390.11 ,$360.34 
1/4/2022,$383.20 ,100248280,$396.52 ,$402.67 ,$374.35 
1/3/2022,$399.93 ,104686060,$382.58 ,$400.36 ,$378.68 
12/31/2021,$352.26 ,40733644,$357.81 ,$360.67 ,$351.53 
12/30/2021,$356.78 ,47040935,$353.78 ,$365.18 ,$351.05 
12/29/2021,$362.06 ,56154066,$366.21 ,$368 ,$354.71 
12/28/2021,$362.82 ,60323916,$369.83 ,$373.00 ,$359.47 
12/27/2021,$364.65 ,71145817,$357.89 ,$372.33 ,$356.91 
12/23/2021,$355.67 ,92713299,$335.60 ,$357.66 ,$332.52 
12/22/2021,$336.29 ,93634089,$321.89 ,$338.55 ,$319.02 
12/21/2021,$312.84 ,71517937,$305.62 ,$313.17 ,$295.37 
12/20/2021,$299.98 ,56480016,$303.57 ,$307.23 ,$297.80 
12/17/2021,$310.86 ,100880260,$304.92 ,$320.22 ,$303.01 
12/16/2021,$308.97 ,82771448,$331.50 ,$331.66 ,$307.28 
12/15/2021,$325.33 ,75169238,$317.74 ,$326.25 ,$309.42 
12/14/2021,$319.50 ,70806277,$315 ,$322.14 ,$310 
12/13/2021,$322.14 ,78595508,$333.70 ,$335 ,$317.14 
12/10/2021,$339.01 ,59664366,$336.25 ,$340.33 ,$327.51 
12/9/2021,$334.60 ,59438496,$353.55 ,$354.16 ,$334.12 
12/8/2021,$356.32 ,41906374,$350.90 ,$357.46 ,$344.33 
12/7/2021,$350.58 ,56084586,$348.07 ,$352.56 ,$342.27 
12/6/2021,$336.34 ,81663128,$333.84 ,$340.55 ,$316.83 
12/3/2021,$338.32 ,92322009,$361.60 ,$363.53 ,$333.40 
12/2/2021,$361.53 ,73114867,$366.35 ,$371 ,$352.22 
12/1/2021,$365 ,68804107,$386.90 ,$390.95 ,$363.59 
11/30/2021,$381.59 ,81276128,$381.46 ,$389.33 ,$372.67 
11/29/2021,$379.00 ,58393416,$367.00 ,$380.89 ,$366.73 
11/26/2021,$360.64 ,35042674,$366.49 ,$369.59 ,$360.33 
11/24/2021,$372 ,67680727,$360.13 ,$377.59 ,$354 
11/23/2021,$369.68 ,108515111,$389.17 ,$393.50 ,$354.23 
11/22/2021,$385.62 ,99217540,$387.44 ,$400.65 ,$377.48 
11/19/2021,$379.02 ,64926786,$366.29 ,$379.57 ,$364.23 
11/18/2021,$365.46 ,62696796,$368.85 ,$370.67 ,$358.34 
11/17/2021,$363.00 ,94336119,$354.50 ,$373.21 ,$351.83 
11/16/2021,$351.58 ,79627088,$334.44 ,$352.40 ,$334.06 
11/15/2021,$337.80 ,104326960,$339.21 ,$343.99 ,$326.20 
11/12/2021,$344.47 ,76719458,$349.17 ,$351.50 ,$339.73 
11/11/2021,$354.50 ,67189717,$367.59 ,$368.32 ,$351.56 
11/10/2021,$355.98 ,128408173,$336.80 ,$359.37 ,$329.10 
11/9/2021,$341.17 ,177317538,$391.20 ,$391.50 ,$337.17 
11/8/2021,$387.65 ,100337170,$383.26 ,$399 ,$377.67 
11/5/2021,$407.36 ,64886436,$409.33 ,$413.29 ,$402.67 
11/4/2021,$409.97 ,76192238,$411.47 ,$414.50 ,$405.67 
11/3/2021,$404.62 ,103885570,$392.44 ,$405.13 ,$384.21 
11/2/2021,$390.67 ,128213413,$386.45 ,$402.86 ,$382 
11/1/2021,$402.86 ,168146177,$381.67 ,$403.25 ,$372.89 
10/29/2021,$371.33 ,89755269,$360.62 ,$371.74 ,$357.74 
10/28/2021,$359.01 ,81639518,$356.10 ,$360.33 ,$351.40 
10/27/2021,$345.95 ,115579392,$346.55 ,$356.96 ,$343.59 
10/26/2021,$339.48 ,187244929,$341.56 ,$364.98 ,$333.81 
10/25/2021,$341.62 ,188556319,$316.84 ,$348.34 ,$314.73 
10/22/2021,$303.23 ,68642527,$298.50 ,$303.33 ,$296.99 
10/21/2021,$298 ,94444359,$285.33 ,$300 ,$285.17 
10/20/2021,$288.60 ,42096154,$288.45 ,$289.83 ,$285.79 
10/19/2021,$288.09 ,52143395,$292.51 ,$292.65 ,$287.50 
10/18/2021,$290.04 ,72621727,$283.93 ,$291.75 ,$283.82 
10/15/2021,$281.01 ,56773716,$274.58 ,$281.07 ,$274.12 
10/14/2021,$272.77 ,36741514,$271.83 ,$273.42 ,$271.12 
10/13/2021,$270.36 ,42360244,$270.16 ,$271.80 ,$268.59 
10/12/2021,$268.57 ,66060127,$266.98 ,$270.77 ,$265.52 
10/11/2021,$263.98 ,42600964,$262.55 ,$267.08 ,$261.83 
10/8/2021,$261.83 ,50215805,$265.40 ,$265.46 ,$260.30 
10/7/2021,$264.54 ,57587346,$261.82 ,$268.33 ,$261.13 
10/6/2021,$260.92 ,43898314,$258.73 ,$262.22 ,$257.74 
10/5/2021,$260.20 ,55297896,$261.60 ,$265.77 ,$258.07 
10/4/2021,$260.51 ,91450029,$265.50 ,$268.99 ,$258.71 
10/1/2021,$258.41 ,51094235,$259.47 ,$260.26 ,$254.53 
9/30/2021,$258.49 ,53867885,$260.33 ,$263.04 ,$258.33 
9/29/2021,$260.44 ,62828646,$259.93 ,$264.50 ,$256.89 
9/28/2021,$259.19 ,76144268,$262.40 ,$265.21 ,$255.39 
9/27/2021,$263.79 ,84211988,$257.71 ,$266.33 ,$256.44 
9/24/2021,$258.13 ,64119066,$248.63 ,$258.27 ,$248.19 
9/23/2021,$251.21 ,35842594,$251.67 ,$252.73 ,$249.31 
9/22/2021,$250.65 ,45378815,$247.84 ,$251.22 ,$246.37 
9/21/2021,$246.46 ,48992165,$244.93 ,$248.25 ,$243.48 
9/20/2021,$243.39 ,74272957,$244.85 ,$247.33 ,$239.54 
9/17/2021,$253.16 ,84612548,$252.38 ,$253.68 ,$250 
9/16/2021,$252.33 ,41770174,$250.94 ,$252.97 ,$249.20 
9/15/2021,$251.94 ,46073075,$248.33 ,$252.29 ,$246.12 
9/14/2021,$248.16 ,55574646,$247.52 ,$251.49 ,$245.47 
9/13/2021,$247.67 ,68857447,$246.74 ,$248.26 ,$236.28 
9/10/2021,$245.42 ,45552515,$253.20 ,$254.20 ,$244.84 
9/9/2021,$251.62 ,42233194,$251.14 ,$254.03 ,$250.54 
9/8/2021,$251.29 ,56379126,$253.86 ,$254.82 ,$246.92 
9/7/2021,$250.97 ,60119496,$246.67 ,$253.40 ,$246.42 
9/3/2021,$244.52 ,45813155,$244.08 ,$244.67 ,$241.40 
9/2/2021,$244.13 ,38390224,$244.83 ,$246.99 ,$243.51 
9/1/2021,$244.70 ,39613024,$244.69 ,$247.33 ,$243.76 
8/31/2021,$245.24 ,62566326,$244.33 ,$246.80 ,$242.15 
8/30/2021,$243.64 ,55812666,$238.24 ,$243.67 ,$237.58 
8/27/2021,$237.31 ,41501284,$235 ,$238.33 ,$234.03 
8/26/2021,$233.72 ,39642874,$236.10 ,$238.47 ,$232.54 
8/25/2021,$237.07 ,37936684,$235.68 ,$238.99 ,$234.67 
8/24/2021,$236.16 ,39249214,$236.89 ,$238.41 ,$234.21 
8/23/2021,$235.43 ,60794586,$228.48 ,$237.38 ,$226.92 
8/20/2021,$226.75 ,44525614,$227.62 ,$230.71 ,$224.57 
8/19/2021,$224.49 ,42940474,$226.07 ,$228.85 ,$222.53 
8/18/2021,$229.66 ,61048146,$223.25 ,$231.92 ,$223.12 
8/17/2021,$221.90 ,71163847,$224.22 ,$224.86 ,$216.28 
8/16/2021,$228.72 ,69309907,$235.02 ,$236.50 ,$225.47 
8/13/2021,$239.06 ,50194415,$241.24 ,$243.30 ,$238.11 
8/12/2021,$240.75 ,53045075,$235.45 ,$240.93 ,$233.13 
8/11/2021,$235.94 ,29401677,$237.57 ,$238.39 ,$234.74 
8/10/2021,$236.66 ,40296934,$238.00 ,$238.86 ,$233.96 
8/9/2021,$237.92 ,44146054,$236.72 ,$239.68 ,$235.04 
8/6/2021,$233.03 ,46869155,$237.30 ,$238.78 ,$232.54 
8/5/2021,$238.21 ,38758924,$238.67 ,$240.32 ,$237.14 
8/4/2021,$236.97 ,51007955,$237 ,$241.63 ,$236.31 
8/3/2021,$236.58 ,64860756,$239.67 ,$240.88 ,$233.67 
8/2/2021,$236.56 ,100847320,$233.33 ,$242.31 ,$232.80 
7/30/2021,$229.07 ,88969239,$223.92 ,$232.51 ,$223 
7/29/2021,$225.78 ,91183929,$216.60 ,$227.90 ,$216.27 
7/28/2021,$215.66 ,48019805,$215.67 ,$218.32 ,$213.13 
7/27/2021,$214.93 ,98439880,$221.13 ,$222.17 ,$209.08 
7/26/2021,$219.21 ,76009688,$216.99 ,$222.73 ,$215.70 
7/23/2021,$214.46 ,43814824,$215.45 ,$216.27 ,$212.43 
7/22/2021,$216.42 ,45317195,$218.81 ,$220.72 ,$214.87 
7/21/2021,$218.43 ,41860024,$219.87 ,$221.62 ,$216.76 
7/20/2021,$220.17 ,46461395,$217.33 ,$220.80 ,$213.50 
7/19/2021,$215.41 ,63891276,$209.96 ,$215.73 ,$207.10 
7/16/2021,$214.74 ,49112915,$218.23 ,$218.90 ,$214.07 
7/15/2021,$216.87 ,60628716,$219.46 ,$222.05 ,$212.63 
7/14/2021,$217.79 ,64923576,$223.58 ,$226.20 ,$217.61 
7/13/2021,$222.85 ,62898276,$228.77 ,$231.09 ,$222.10 
7/12/2021,$228.57 ,77781128,$220.73 ,$229.08 ,$220.72 
7/9/2021,$218.98 ,54421655,$217.73 ,$219.64 ,$214.90 
7/8/2021,$217.60 ,68319967,$209.46 ,$218.14 ,$206.82 
7/7/2021,$214.88 ,56375886,$221.42 ,$221.90 ,$212.77 
7/6/2021,$219.86 ,69853357,$227.24 ,$228 ,$217.13 
7/2/2021,$226.30 ,81292118,$226.33 ,$233.33 ,$224.42 
7/1/2021,$225.97 ,55903566,$227.97 ,$229.33 ,$224.27 
6/30/2021,$226.57 ,56774586,$226.59 ,$230.94 ,$226.05 
6/29/2021,$226.92 ,52143935,$228.22 ,$229.17 ,$225.30 
6/28/2021,$229.57 ,64884486,$223.88 ,$231.57 ,$223.44 
6/25/2021,$223.96 ,97490140,$229.86 ,$231.27 ,$222.90 
6/24/2021,$226.61 ,137947184,$225.00 ,$232.54 ,$222.54 
6/23/2021,$218.86 ,93297699,$210.67 ,$219.07 ,$210.01 
6/22/2021,$207.90 ,57476676,$206.08 ,$209.52 ,$205.17 
6/21/2021,$206.94 ,74438227,$208.16 ,$210.46 ,$202.96 
6/18/2021,$207.77 ,73682737,$204.46 ,$209.45 ,$203.93 
6/17/2021,$205.53 ,68104057,$200.63 ,$207.16 ,$200.45 
6/16/2021,$201.62 ,66432397,$199.18 ,$202.83 ,$197.83 
6/15/2021,$199.79 ,53292455,$205.56 ,$205.60 ,$199.41 
6/14/2021,$205.90 ,61271946,$204.08 ,$208.50 ,$203.06 
6/11/2021,$203.30 ,48615905,$203.41 ,$204.19 ,$200.51 
6/10/2021,$203.37 ,71758837,$201.29 ,$205.53 ,$200.17 
6/9/2021,$199.59 ,49753715,$200.72 ,$203.93 ,$199.21 
6/8/2021,$201.20 ,78160238,$207.67 ,$207.70 ,$198.50 
6/7/2021,$201.71 ,67631047,$197.28 ,$203.33 ,$194.29 
6/4/2021,$199.68 ,72110707,$193.24 ,$200.20 ,$192.40 
6/3/2021,$190.95 ,90335679,$200.60 ,$201.52 ,$190.41 
6/2/2021,$201.71 ,69908347,$206.71 ,$207.79 ,$199.71 
6/1/2021,$207.97 ,54254675,$209.27 ,$211.27 ,$206.85 
5/28/2021,$208.41 ,68211127,$209.50 ,$211.86 ,$207.46 
5/27/2021,$210.28 ,79111778,$206.75 ,$210.38 ,$205.40 
5/26/2021,$206.38 ,85917939,$202.52 ,$208.72 ,$200.50 
5/25/2021,$201.56 ,84017798,$202.44 ,$204.66 ,$198.57 
5/24/2021,$202.15 ,103674280,$193.87 ,$204.83 ,$191.22 
5/21/2021,$193.63 ,78091808,$198.70 ,$198.89 ,$193.33 
5/20/2021,$195.59 ,92463369,$191.67 ,$196.28 ,$190.36 
5/19/2021,$187.82 ,118735212,$184.18 ,$188.74 ,$182.33 
5/18/2021,$192.62 ,110491721,$189.33 ,$198.75 ,$187.79 
5/17/2021,$192.28 ,96743410,$191.85 ,$196.58 ,$187.07 
5/14/2021,$196.58 ,100112590,$194.47 ,$197.62 ,$190.15 
5/13/2021,$190.56 ,132554773,$200.52 ,$202.15 ,$186.55 
5/12/2021,$196.63 ,101470960,$200.83 ,$206.80 ,$195.59 
5/11/2021,$205.73 ,139511714,$199.75 ,$209.03 ,$198.53 
5/10/2021,$209.68 ,94177269,$221.63 ,$221.68 ,$209.20 
5/7/2021,$224.12 ,70407517,$221.93 ,$230 ,$220.07 
5/6/2021,$221.18 ,83353868,$226.92 ,$227.01 ,$216.67 
5/5/2021,$223.65 ,65705677,$227.02 ,$228.43 ,$222.45 
5/4/2021,$224.53 ,89217969,$226.31 ,$227.82 ,$219.23 
5/3/2021,$228.30 ,81129428,$234.60 ,$235.33 ,$226.83 
4/30/2021,$236.48 ,122276172,$222.53 ,$238.49 ,$222.05 
4/29/2021,$225.67 ,86536359,$233.17 ,$234.08 ,$222.83 
4/28/2021,$231.47 ,66813157,$232.14 ,$236.17 ,$231.20 
4/27/2021,$234.91 ,88311009,$239.32 ,$241.33 ,$234.45 
4/26/2021,$246.07 ,93115509,$247 ,$249.77 ,$244.20 
4/23/2021,$243.13 ,85241679,$239.93 ,$245.79 ,$238.49 
4/22/2021,$239.90 ,106770791,$247.17 ,$251.26 ,$239.35 
4/21/2021,$248.04 ,93646539,$234.92 ,$248.28 ,$232.67 
4/20/2021,$239.66 ,106827131,$239.14 ,$245.75 ,$236.90 
4/19/2021,$238.21 ,119058702,$239.87 ,$241.80 ,$230.60 
4/16/2021,$246.59 ,83938598,$242.88 ,$249.80 ,$241.53 
4/15/2021,$246.28 ,83546708,$247.70 ,$247.90 ,$240.44 
4/14/2021,$244.08 ,147052305,$256.90 ,$260.26 ,$242.68 
4/13/2021,$254.11 ,133958443,$237.57 ,$254.33 ,$236.89 
4/12/2021,$233.99 ,87407019,$228.57 ,$234.93 ,$227.36 
4/9/2021,$225.67 ,64311276,$225.92 ,$226.99 ,$223.14 
4/8/2021,$227.93 ,71772997,$225.79 ,$229.85 ,$223.88 
4/7/2021,$223.66 ,78928298,$229 ,$230.46 ,$222.61 
4/6/2021,$230.54 ,84815528,$230.10 ,$232.18 ,$227.12 
4/5/2021,$230.35 ,125528323,$235.90 ,$236.05 ,$228.23 
4/1/2021,$220.58 ,105895151,$229.46 ,$230.81 ,$219.81 
3/31/2021,$222.64 ,100011880,$215.54 ,$224 ,$213.70 
3/30/2021,$211.87 ,118297092,$200.58 ,$212.55 ,$197.00 
3/29/2021,$203.76 ,85910979,$205.21 ,$205.49 ,$198.67 
3/26/2021,$206.24 ,101558500,$213.96 ,$214.61 ,$199.96 
3/25/2021,$213.46 ,117674562,$204.33 ,$215.17 ,$203.17 
3/24/2021,$210.09 ,101385520,$222.64 ,$222.67 ,$210.04 
3/23/2021,$220.72 ,91475619,$225.26 ,$225.93 ,$219.17 
3/22/2021,$223.33 ,118536672,$228.20 ,$233.21 ,$222.92 
3/19/2021,$218.29 ,128681953,$215.53 ,$219.08 ,$208.21 
3/18/2021,$217.72 ,100107070,$228.10 ,$229.74 ,$217.33 
3/17/2021,$233.94 ,121117362,$218.96 ,$234.58 ,$217.00 
3/16/2021,$225.63 ,96587020,$234.45 ,$235.97 ,$223.67 
3/15/2021,$235.98 ,88270449,$231.36 ,$237.73 ,$228.01 
3/12/2021,$231.24 ,100751530,$223.33 ,$231.63 ,$222.05 
3/11/2021,$233.20 ,108761681,$233.13 ,$234.17 ,$225.73 
3/10/2021,$222.69 ,181817028,$233.43 ,$239.28 ,$218.35 
3/9/2021,$224.53 ,202570010,$202.73 ,$226.03 ,$198.40 
3/8/2021,$187.67 ,155360896,$200.18 ,$206.71 ,$186.26 
3/5/2021,$199.32 ,268189407,$208.69 ,$209.28 ,$179.83 
3/4/2021,$207.15 ,197758610,$218.60 ,$291.31 ,$200 
3/3/2021,$217.73 ,90623889,$229.33 ,$233.57 ,$217.24 
3/2/2021,$228.81 ,71196487,$239.43 ,$240.37 ,$228.33 
3/1/2021,$239.48 ,81408728,$230.04 ,$290.67 ,$228.35 
2/26/2021,$225.17 ,123267522,$233.33 ,$235.57 ,$219.84 
2/25/2021,$227.41 ,117071592,$242.05 ,$245.74 ,$223.53 
2/24/2021,$247.34 ,110300861,$237.28 ,$248.33 ,$231.39 
2/23/2021,$232.95 ,199820660,$220.71 ,$237.87 ,$206.33 
2/22/2021,$238.17 ,111809171,$254.21 ,$256.17 ,$236.73 
2/19/2021,$260.43 ,56874786,$265 ,$265.60 ,$259.12 
2/18/2021,$262.46 ,53871185,$260.30 ,$264.90 ,$258.76 
2/17/2021,$266.05 ,78236708,$259.70 ,$266.61 ,$254.00 
2/16/2021,$265.41 ,59406966,$272.67 ,$273.67 ,$264.15 
2/12/2021,$272.04 ,71304937,$267.09 ,$272.44 ,$261.78 
2/11/2021,$270.55 ,64868256,$270.81 ,$276.63 ,$267.24 
2/10/2021,$268.27 ,108648281,$281.21 ,$281.61 ,$266.67 
2/9/2021,$283.15 ,45472955,$285.04 ,$286.60 ,$280.58 
2/8/2021,$287.81 ,60485166,$289.89 ,$292.59 ,$284.92 
2/5/2021,$284.08 ,55699926,$281.67 ,$288.26 ,$279.66 
2/4/2021,$283.33 ,47437985,$285 ,$285.50 ,$277.81 
2/3/2021,$284.90 ,55030536,$292.34 ,$292.69 ,$284.35 
2/2/2021,$290.93 ,73038637,$281.56 ,$293.50 ,$280.73 
2/1/2021,$279.94 ,76174178,$271.43 ,$280.67 ,$265.19 
1/29/2021,$264.51 ,104972260,$276.67 ,$280.80 ,$260.03 
1/28/2021,$278.48 ,79134158,$273.33 ,$282.67 ,$267 
1/27/2021,$288.05 ,82001888,$290.12 ,$297.17 ,$286.22 
1/26/2021,$294.36 ,69394807,$297.13 ,$298.63 ,$290.53 
1/25/2021,$293.60 ,123520212,$285 ,$300.13 ,$279.61 
1/22/2021,$282.21 ,60199506,$278.10 ,$282.67 ,$276.21 
1/21/2021,$281.66 ,61794396,$285 ,$285.24 ,$280.47 
1/20/2021,$283.48 ,76997648,$286.25 ,$286.50 ,$279.09 
1/19/2021,$281.52 ,76100948,$279.27 ,$283.33 ,$277.67 
1/15/2021,$275.39 ,116332812,$284 ,$286.63 ,$273.03 
1/14/2021,$281.67 ,93798999,$281.13 ,$287.67 ,$279.58 
1/13/2021,$284.80 ,99937510,$284.25 ,$286.82 ,$277.33 
1/12/2021,$283.15 ,138812174,$277 ,$289.33 ,$275.78 
1/11/2021,$270.40 ,178662468,$283.13 ,$284.81 ,$267.87 
1/8/2021,$293.34 ,225166613,$285.33 ,$294.83 ,$279.46 
1/7/2021,$272.01 ,154496865,$259.21 ,$272.33 ,$258.40 
1/6/2021,$251.99 ,134099923,$252.83 ,$258 ,$249.70 
1/5/2021,$245.04 ,96735520,$241.22 ,$246.95 ,$239.73 
1/4/2021,$243.26 ,145914585,$239.82 ,$248.16 ,$239.06 
12/31/2020,$235.22 ,148949805,$233.33 ,$239.57 ,$230.37 
12/30/2020,$231.59 ,128538073,$224 ,$232.20 ,$222.79 
12/29/2020,$222.00 ,68732437,$220.33 ,$223.30 ,$218.33 
12/28/2020,$221.23 ,96835690,$224.84 ,$227.13 ,$220.27 
12/24/2020,$220.59 ,68596717,$214.33 ,$222.03 ,$213.67 
12/23/2020,$215.33 ,99518920,$210.73 ,$217.17 ,$207.52 
12/22/2020,$213.45 ,155584936,$216 ,$216.63 ,$204.74 
12/21/2020,$216.62 ,174135797,$222.08 ,$222.83 ,$215.36 
12/18/2020,$231.67 ,666378667,$222.97 ,$231.67 ,$209.51 
12/17/2020,$218.63 ,168810437,$209.40 ,$219.61 ,$206.50 
12/16/2020,$207.59 ,126287443,$209.41 ,$210.83 ,$201.67 
12/15/2020,$211.08 ,135670694,$214.43 ,$215.63 ,$207.93 
12/14/2020,$213.28 ,156121966,$206.33 ,$214.25 ,$203.40 
12/11/2020,$203.33 ,139424924,$205.00 ,$208 ,$198.93 
12/10/2020,$209.02 ,201249470,$191.46 ,$209.25 ,$188.78 
12/9/2020,$201.49 ,213873591,$217.90 ,$218.11 ,$196 
12/8/2020,$216.63 ,192795109,$208.50 ,$217.09 ,$206.17 
12/7/2020,$213.92 ,168929147,$201.64 ,$216.26 ,$201.02 
12/4/2020,$199.68 ,88203939,$197.00 ,$199.68 ,$195.17 
12/3/2020,$197.79 ,127656013,$196.67 ,$199.66 ,$194.14 
12/2/2020,$189.61 ,143326964,$185.48 ,$190.51 ,$180.40 
12/1/2020,$194.92 ,121148502,$199.20 ,$199.28 ,$190.68 
11/30/2020,$189.20 ,189009169,$200.74 ,$202.60 ,$184.84 
11/27/2020,$195.25 ,112683251,$193.72 ,$199.59 ,$192.82 
11/25/2020,$191.33 ,146790495,$183.35 ,$191.33 ,$181.79 
11/24/2020,$185.13 ,160945486,$180.13 ,$186.66 ,$175.40 
11/23/2020,$173.95 ,150780915,$167.83 ,$175.33 ,$167.26 
11/20/2020,$163.20 ,98735770,$166.00 ,$167.50 ,$163.02 
11/19/2020,$166.42 ,187426069,$164 ,$169.54 ,$162.52 
11/18/2020,$162.21 ,234132083,$149.45 ,$165.33 ,$147.83 
11/17/2020,$147.20 ,183564858,$153.39 ,$154 ,$144.34 
11/16/2020,$136.03 ,80515928,$136.31 ,$137.48 ,$134.70 
11/13/2020,$136.17 ,59491056,$136.95 ,$137.51 ,$133.89 
11/12/2020,$137.25 ,59821506,$138.35 ,$141 ,$136.51 
11/11/2020,$139.04 ,52073165,$138.82 ,$139.57 ,$136.86 
11/10/2020,$136.79 ,90852669,$140.03 ,$140.03 ,$132.01 
11/9/2020,$140.42 ,104499100,$146.50 ,$150.83 ,$140.33 
11/6/2020,$143.32 ,65118037,$145.37 ,$145.52 ,$141.43 
11/5/2020,$146.03 ,85243569,$142.77 ,$146.67 ,$141.33 
11/4/2020,$140.33 ,96429190,$143.54 ,$145.13 ,$139.03 
11/3/2020,$141.30 ,103055170,$136.58 ,$142.59 ,$135.56 
11/2/2020,$133.50 ,87063369,$131.33 ,$135.66 ,$130.77 
10/30/2020,$129.35 ,127762933,$135.63 ,$135.86 ,$126.37 
10/29/2020,$136.94 ,67965937,$136.65 ,$139.35 ,$135.49 
10/28/2020,$135.34 ,76354238,$138.83 ,$139.53 ,$135.33 
10/27/2020,$141.56 ,68059537,$141.25 ,$143.50 ,$140.03 
10/26/2020,$140.09 ,84717488,$137.21 ,$141.92 ,$136.67 
10/23/2020,$140.21 ,101150950,$140.61 ,$140.96 ,$135.79 
10/22/2020,$141.93 ,119979582,$147.31 ,$148.41 ,$141.50 
10/21/2020,$140.88 ,97111390,$140.90 ,$144.32 ,$140.42 
10/20/2020,$140.65 ,94968879,$143.92 ,$143.92 ,$139.68 
10/19/2020,$143.61 ,108863531,$148.75 ,$149 ,$142.96 
10/16/2020,$146.56 ,98327650,$151.48 ,$151.98 ,$146.28 
10/15/2020,$149.63 ,107017061,$150.10 ,$152.19 ,$147.50 
10/14/2020,$153.77 ,144136184,$149.93 ,$155.30 ,$149.12 
10/13/2020,$148.88 ,103391020,$147.78 ,$149.63 ,$145.53 
10/12/2020,$147.43 ,116373402,$147.33 ,$149.58 ,$146.19 
10/9/2020,$144.67 ,86776989,$143.38 ,$144.86 ,$142.15 
10/8/2020,$141.97 ,121263372,$146.15 ,$146.33 ,$141.77 
10/7/2020,$141.77 ,129383143,$139.96 ,$143.30 ,$137.95 
10/6/2020,$137.99 ,147438795,$141.26 ,$142.93 ,$135.35 
10/5/2020,$141.89 ,134168383,$141.12 ,$144.55 ,$139.78 
10/2/2020,$138.36 ,214290111,$140.46 ,$146.38 ,$138.33 
10/1/2020,$149.39 ,152224365,$146.92 ,$149.63 ,$144.81 
9/30/2020,$143.00 ,144436724,$140.44 ,$144.64 ,$140.16 
9/29/2020,$139.69 ,151024215,$138.67 ,$142.83 ,$137.20 
9/28/2020,$140.40 ,149158695,$141.54 ,$142.69 ,$138.52 
9/25/2020,$135.78 ,201625400,$131.16 ,$136.24 ,$130.43 
9/24/2020,$129.26 ,289683209,$121.27 ,$133.17 ,$117.10 
9/23/2020,$126.79 ,285222569,$135.05 ,$137.38 ,$125.29 
9/22/2020,$141.41 ,238742424,$143.20 ,$145.92 ,$139.20 
9/21/2020,$149.80 ,328430433,$151.04 ,$151.89 ,$135.69 
9/18/2020,$147.38 ,259220486,$149.31 ,$150.33 ,$142.93 
9/17/2020,$141.14 ,230337503,$138.53 ,$145.93 ,$136 
9/16/2020,$147.25 ,217640302,$146.62 ,$152.60 ,$145.10 
9/15/2020,$149.92 ,291894719,$145.52 ,$153.98 ,$143.57 
9/14/2020,$139.87 ,249061855,$126.98 ,$140 ,$124.43 
9/11/2020,$124.24 ,182152398,$127.31 ,$127.50 ,$120.17 
9/10/2020,$123.78 ,254791855,$128.74 ,$133.00 ,$120.19 
9/9/2020,$122.09 ,238397334,$118.87 ,$123 ,$113.84 
9/8/2020,$110.07 ,346397135,$118.67 ,$122.91 ,$109.96 
9/4/2020,$139.44 ,330965733,$134.27 ,$142.67 ,$124.01 
9/3/2020,$135.67 ,262788296,$135.74 ,$143.93 ,$134 
9/2/2020,$149.12 ,288528419,$159.66 ,$159.68 ,$135.04 
9/1/2020,$158.35 ,270358287,$167.38 ,$167.50 ,$156.84 
8/31/2020,$166.11 ,355123236,$148.20 ,$166.71 ,$146.70 
8/28/2020,$147.56 ,301217549,$153.01 ,$154.57 ,$145.77 
8/27/2020,$149.25 ,355395422,$145.36 ,$153.04 ,$142.83 
8/26/2020,$143.54 ,213590593,$137.33 ,$144.40 ,$136.91 
8/25/2020,$134.89 ,159883270,$131.66 ,$135.20 ,$131.20 
8/24/2020,$134.28 ,300954150,$141.75 ,$141.93 ,$128.50 
8/21/2020,$136.67 ,322343239,$136.32 ,$139.70 ,$135.00 
8/20/2020,$133.46 ,309176845,$124.05 ,$134.80 ,$123.80 
8/19/2020,$125.24 ,183079858,$124.33 ,$127.40 ,$122.75 
8/18/2020,$125.81 ,247117226,$126.60 ,$128.26 ,$123.01 
8/17/2020,$122.38 ,303634648,$111.80 ,$123.06 ,$111.52 
8/14/2020,$110.05 ,188664056,$111.00 ,$111.25 ,$108.44 
8/13/2020,$108.07 ,306379497,$107.40 ,$110.08 ,$104.48 
8/12/2020,$103.65 ,328482286,$98 ,$105.67 ,$95.67 
8/11/2020,$91.63 ,129387445,$93.07 ,$94.67 ,$91 
8/10/2020,$94.57 ,112833904,$96.53 ,$97.17 ,$92.39 
8/7/2020,$96.85 ,133446233,$99.97 ,$99.98 ,$94.33 
8/6/2020,$99.31 ,89884650,$99.39 ,$101.15 ,$98.48 
8/5/2020,$99.00 ,74670188,$99.53 ,$99.99 ,$97.89 
8/4/2020,$99.13 ,126224787,$99.67 ,$101.83 ,$97.47 
8/3/2020,$99 ,132140124,$96.61 ,$100.65 ,$96.29 
7/31/2020,$95.38 ,183704308,$101.00 ,$101.14 ,$94.73 
7/30/2020,$99.17 ,114315528,$99.20 ,$100.88 ,$98.07 
7/29/2020,$99.94 ,141403324,$100.07 ,$102.32 ,$99.13 
7/28/2020,$98.43 ,237130381,$100.27 ,$104.31 ,$98.29 
7/27/2020,$102.64 ,240729930,$95.67 ,$103.20 ,$94.20 
7/24/2020,$94.47 ,290949155,$94.40 ,$97.67 ,$91.10 
7/23/2020,$100.87 ,364927318,$111.93 ,$112.60 ,$98.72 
7/22/2020,$106.16 ,212416094,$106.60 ,$108.43 ,$104.13 
7/21/2020,$104.56 ,242359079,$109.33 ,$111.67 ,$103.87 
7/20/2020,$109.53 ,256820422,$101.27 ,$110.00 ,$99.20 
7/17/2020,$100.06 ,139949510,$100.90 ,$102.50 ,$99.33 
7/16/2020,$100.04 ,214511743,$98.48 ,$102.11 ,$97.73 
7/15/2020,$103.07 ,245517327,$102.87 ,$103.33 ,$97.13 
7/14/2020,$101.12 ,351271924,$103.73 ,$106.00 ,$95.40 
7/13/2020,$99.80 ,584780108,$110.60 ,$119.67 ,$98.07 
7/10/2020,$102.98 ,350063075,$93.07 ,$103.26 ,$91.73 
7/9/2020,$92.95 ,175763912,$93.13 ,$93.90 ,$90.09 
7/8/2020,$91.06 ,244669528,$93.67 ,$94.48 ,$87.42 
7/7/2020,$92.66 ,322344739,$93.67 ,$95.30 ,$89.11 
7/6/2020,$91.44 ,308547746,$85.11 ,$91.85 ,$84.40 
7/2/2020,$80.58 ,258751671,$81.43 ,$81.87 ,$79.04 
7/1/2020,$74.64 ,199903400,$72.20 ,$75.69 ,$72.03 
6/30/2020,$71.99 ,253777373,$67.10 ,$72.51 ,$66.92 
6/29/2020,$67.29 ,135395992,$64.60 ,$67.33 ,$63.23 
6/26/2020,$63.98 ,132823554,$66.32 ,$66.33 ,$63.66 
6/25/2020,$65.73 ,138818166,$63.62 ,$65.73 ,$62.48 
6/24/2020,$64.06 ,164393768,$66.27 ,$66.73 ,$63.54 
6/23/2020,$66.79 ,95479017,$66.59 ,$67.47 ,$66.27 
6/22/2020,$66.29 ,95435202,$66.66 ,$67.26 ,$66.00 
6/19/2020,$66.73 ,130196170,$67.52 ,$67.73 ,$66.09 
6/18/2020,$66.93 ,146278967,$66.87 ,$67.95 ,$66.30 
6/17/2020,$66.12 ,148361926,$65.85 ,$67 ,$65.50 
6/16/2020,$65.48 ,210766095,$67.46 ,$67.53 ,$64.16 
6/15/2020,$66.06 ,235457582,$61.19 ,$66.59 ,$60.57 
6/12/2020,$62.35 ,251450424,$65.33 ,$65.87 ,$60.84 
6/11/2020,$64.86 ,238747081,$66.01 ,$67.93 ,$64.80 
6/10/2020,$68.34 ,278451011,$66.13 ,$68.50 ,$65.50 
6/9/2020,$62.71 ,170822165,$62.67 ,$63.63 ,$61.60 
6/8/2020,$63.33 ,212620844,$61.27 ,$63.33 ,$60.61 
6/5/2020,$59.04 ,117178696,$58.52 ,$59.10 ,$57.75 
6/4/2020,$57.63 ,133315628,$59.33 ,$59.72 ,$57.23 
6/3/2020,$58.86 ,119241975,$59.21 ,$59.86 ,$58.67 
6/2/2020,$58.77 ,203483898,$59.65 ,$60.58 ,$58.07 
6/1/2020,$59.87 ,226279387,$57.20 ,$59.93 ,$56.94 
5/29/2020,$55.67 ,177187261,$53.92 ,$55.67 ,$53.61 
5/28/2020,$53.72 ,109136555,$54.23 ,$54.98 ,$53.45 
5/27/2020,$54.68 ,173242863,$54.72 ,$55.18 ,$52.33 
5/26/2020,$54.59 ,121345979,$55.63 ,$55.64 ,$54.38 
5/22/2020,$54.46 ,149812050,$54.81 ,$55.45 ,$54.13 
5/21/2020,$55.17 ,183818608,$54.40 ,$55.50 ,$53.07 
5/20/2020,$54.37 ,109639010,$54.70 ,$55.07 ,$54.12 
5/19/2020,$53.87 ,144547758,$54.34 ,$54.80 ,$53.74 
5/18/2020,$54.24 ,175471412,$55.19 ,$55.65 ,$53.59 
5/15/2020,$53.28 ,157776371,$52.69 ,$53.67 ,$52.44 
5/14/2020,$53.56 ,205232747,$52 ,$53.56 ,$50.93 
5/13/2020,$52.73 ,285982207,$54.72 ,$55.07 ,$50.89 
5/12/2020,$53.96 ,238603531,$55.13 ,$56.22 ,$53.87 
5/11/2020,$54.09 ,247793876,$52.70 ,$54.93 ,$52.33 
5/8/2020,$54.63 ,241951229,$52.92 ,$54.93 ,$52.47 
5/7/2020,$52.00 ,172915264,$51.81 ,$53.09 ,$51.49 
5/6/2020,$52.17 ,166848367,$51.77 ,$52.65 ,$50.74 
5/5/2020,$51.21 ,254874773,$52.65 ,$53.26 ,$50.81 
5/4/2020,$50.75 ,288556206,$46.73 ,$50.80 ,$46.53 
5/1/2020,$46.75 ,487976906,$50.33 ,$51.52 ,$45.54 
4/30/2020,$52.13 ,427077536,$57.01 ,$57.99 ,$50.90 
4/29/2020,$53.37 ,243239578,$52.68 ,$53.55 ,$52.21 
4/28/2020,$51.27 ,228329286,$53.04 ,$53.67 ,$50.45 
4/27/2020,$53.25 ,310221445,$49.17 ,$53.30 ,$49 
4/24/2020,$48.34 ,198564051,$47.39 ,$48.72 ,$46.55 
4/23/2020,$47.04 ,198550401,$48.51 ,$48.93 ,$46.88 
4/22/2020,$48.81 ,213372343,$46.93 ,$48.93 ,$45.91 
4/21/2020,$45.78 ,303136198,$48.67 ,$50.22 ,$44.92 
4/20/2020,$49.76 ,221195439,$48.85 ,$51.04 ,$47.48 
4/17/2020,$50.26 ,196923352,$51.49 ,$51.66 ,$49.84 
4/16/2020,$49.68 ,309867745,$47.80 ,$50.63 ,$47.11 
4/15/2020,$48.66 ,353654823,$49.47 ,$50.21 ,$47.33 
4/14/2020,$47.33 ,458647421,$46.60 ,$49.46 ,$46.16 
4/13/2020,$43.40 ,337131131,$39.34 ,$43.47 ,$38.70 
4/9/2020,$38.20 ,204749898,$37.47 ,$38.35 ,$37.14 
4/8/2020,$36.59 ,189840205,$36.95 ,$37.15 ,$35.56 
4/7/2020,$36.36 ,268796566,$36.33 ,$37.67 ,$35.49 
4/6/2020,$34.42 ,223527488,$34.08 ,$34.73 ,$33.20 
4/3/2020,$32.00 ,338431031,$33.97 ,$34.37 ,$31.23 
4/2/2020,$30.30 ,297876301,$32.07 ,$32.95 ,$29.76 
4/1/2020,$32.10 ,200297600,$33.60 ,$34.26 ,$31.67 
3/31/2020,$34.93 ,266572217,$33.42 ,$36.20 ,$33.13 
3/30/2020,$33.48 ,179970960,$34.02 ,$34.44 ,$32.75 
3/27/2020,$34.29 ,215661042,$33.67 ,$35.05 ,$32.94 
3/26/2020,$35.21 ,261331069,$36.49 ,$37.33 ,$34.15 
3/25/2020,$35.95 ,318341091,$36.35 ,$37.13 ,$34.07 
3/24/2020,$33.67 ,343427378,$31.82 ,$34.25 ,$31.60 
3/23/2020,$28.95 ,246818127,$28.91 ,$29.47 ,$27.37 
3/20/2020,$28.50 ,424282288,$29.21 ,$31.80 ,$28.39 
3/19/2020,$28.51 ,452931674,$24.98 ,$30.13 ,$23.90 
3/18/2020,$24.08 ,356792222,$25.93 ,$26.99 ,$23.37 
3/17/2020,$28.68 ,359918520,$29.33 ,$31.46 ,$26.40 
3/16/2020,$29.67 ,307341746,$31.30 ,$32.99 ,$29.48 
3/13/2020,$36.44 ,339603580,$39.67 ,$40.50 ,$33.47 
3/12/2020,$37.37 ,283635608,$38.73 ,$39.63 ,$36.42 
3/11/2020,$42.28 ,201203749,$42.68 ,$43.57 ,$40.87 
3/10/2020,$43.02 ,233916483,$43.96 ,$44.53 ,$40.53 
3/9/2020,$40.53 ,256105972,$40.36 ,$44.20 ,$40.33 
3/6/2020,$46.90 ,189943705,$46.00 ,$47.13 ,$45.62 
3/5/2020,$48.30 ,162789819,$48.25 ,$49.72 ,$47.87 
3/4/2020,$49.97 ,225734587,$50.93 ,$51.10 ,$48.32 
3/3/2020,$49.70 ,386759807,$53.67 ,$53.80 ,$47.74 
3/2/2020,$49.57 ,302924699,$47.42 ,$49.58 ,$45.78 
2/28/2020,$44.53 ,368462366,$41.98 ,$46.03 ,$40.77 
2/27/2020,$45.27 ,364157218,$48.67 ,$49.32 ,$44.60 
2/26/2020,$51.92 ,212307494,$52.17 ,$54.22 ,$51.74 
2/25/2020,$53.33 ,259357070,$56.60 ,$57.11 ,$52.47 
2/24/2020,$55.59 ,227882286,$55.93 ,$57.57 ,$54.81 
2/21/2020,$60.07 ,215091642,$60.47 ,$60.87 ,$58.70 
2/20/2020,$59.96 ,264523218,$60.80 ,$60.80 ,$57.33 
2/19/2020,$61.16 ,381344209,$61.57 ,$62.99 ,$60.07 
2/18/2020,$57.23 ,250475425,$56.11 ,$57.33 ,$55.49 
2/14/2020,$53.34 ,235405532,$52.48 ,$54.20 ,$52.37 
2/13/2020,$53.60 ,394340053,$49.46 ,$54.53 ,$49 
2/12/2020,$51.15 ,180336960,$51.86 ,$52.65 ,$50.89 
2/11/2020,$51.63 ,175461962,$51.25 ,$52.23 ,$50.53 
2/10/2020,$51.42 ,370337215,$53.33 ,$54.67 ,$50.16 
2/7/2020,$49.87 ,255952672,$48.70 ,$51.32 ,$48.67 
2/6/2020,$49.93 ,598210951,$46.66 ,$53.06 ,$45.80 
2/5/2020,$48.98 ,726357237,$54.88 ,$56.40 ,$46.94 
2/4/2020,$59.14 ,914080943,$58.86 ,$64.60 ,$55.59 
2/3/2020,$52 ,708502146,$44.91 ,$52.41 ,$44.90 
1/31/2020,$43.37 ,235788932,$42.67 ,$43.53 ,$42.17 
1/30/2020,$42.72 ,435084982,$42.16 ,$43.39 ,$41.20 
1/29/2020,$38.73 ,273249913,$38.38 ,$39.32 ,$37.83 
1/28/2020,$37.79 ,176827262,$37.90 ,$38.45 ,$37.21 
1/27/2020,$37.20 ,204120948,$36.13 ,$37.63 ,$35.95 
1/24/2020,$37.65 ,215303892,$38.04 ,$38.26 ,$36.95 
1/23/2020,$38.15 ,294765453,$37.62 ,$38.80 ,$37.04 
1/22/2020,$37.97 ,470535215,$38.13 ,$39.63 ,$37.27 
1/21/2020,$36.48 ,267051916,$35.35 ,$36.57 ,$35.23 
1/17/2020,$34.03 ,204435948,$33.84 ,$34.38 ,$33.54 
1/16/2020,$34.23 ,326049587,$32.92 ,$34.30 ,$32.81 
1/15/2020,$34.57 ,260532320,$35.32 ,$35.86 ,$34.45 
1/14/2020,$35.86 ,435920482,$36.28 ,$36.49 ,$34.99 
1/13/2020,$34.99 ,399518050,$32.90 ,$35.04 ,$32.80 
1/10/2020,$31.88 ,194652353,$32.12 ,$32.33 ,$31.58 
1/9/2020,$32.09 ,426947637,$33.14 ,$33.25 ,$31.52 
1/8/2020,$32.81 ,467990616,$31.58 ,$33.23 ,$31.22 
1/7/2020,$31.27 ,273136963,$30.76 ,$31.44 ,$30.22 
1/6/2020,$30.10 ,152362424,$29.36 ,$30.10 ,$29.33 
1/3/2020,$29.53 ,266920367,$29.37 ,$30.27 ,$29.13 
1/2/2020,$28.68 ,143375718,$28.30 ,$28.71 ,$28.11 
12/31/2019,$27.89 ,154386823,$27 ,$28.09 ,$26.81 
12/30/2019,$27.65 ,189018955,$28.59 ,$28.60 ,$27.28 
12/27/2019,$28.69 ,149352330,$29 ,$29.02 ,$28.41 
12/26/2019,$28.73 ,159724270,$28.53 ,$28.90 ,$28.42 
12/24/2019,$28.35 ,120820740,$27.89 ,$28.36 ,$27.51 
12/23/2019,$27.95 ,199992200,$27.45 ,$28.13 ,$27.33 
12/20/2019,$27.04 ,221778039,$27.35 ,$27.53 ,$26.68 
12/19/2019,$26.94 ,271804514,$26.49 ,$27.12 ,$26.43 
12/18/2019,$26.21 ,212045744,$25.38 ,$26.35 ,$25.37 
12/17/2019,$25.27 ,127556561,$25.27 ,$25.70 ,$25.06 
12/16/2019,$25.43 ,273313963,$24.17 ,$25.57 ,$24.17 
12/13/2019,$23.89 ,98614166,$24.07 ,$24.35 ,$23.64 
12/12/2019,$23.98 ,116643107,$23.66 ,$24.18 ,$23.55 
12/11/2019,$23.51 ,103787378,$23.46 ,$23.81 ,$23.41 
12/10/2019,$23.26 ,132599199,$22.66 ,$23.38 ,$22.62 
12/9/2019,$22.64 ,135603187,$22.44 ,$22.96 ,$22.34 
12/6/2019,$22.39 ,114283998,$22.33 ,$22.59 ,$22.32 
12/5/2019,$22.02 ,56054612,$22.19 ,$22.29 ,$21.82 
12/4/2019,$22.20 ,83043783,$22.52 ,$22.52 ,$22.19 
12/3/2019,$22.41 ,99202090,$22.17 ,$22.53 ,$22.15 
12/2/2019,$22.32 ,91229744,$21.96 ,$22.43 ,$21.91 
11/29/2019,$22.00 ,36984417,$22.07 ,$22.08 ,$21.83 
11/27/2019,$22.09 ,83451843,$22.07 ,$22.26 ,$21.90 
11/26/2019,$21.93 ,119343525,$22.35 ,$22.37 ,$21.81 
11/25/2019,$22.42 ,185186457,$22.95 ,$22.97 ,$22.30 
11/22/2019,$22.20 ,253059473,$22.68 ,$22.73 ,$22 
11/21/2019,$23.66 ,91650149,$23.63 ,$24.06 ,$23.60 
11/20/2019,$23.48 ,101009424,$24 ,$24.08 ,$23.30 
11/19/2019,$23.97 ,116041112,$23.45 ,$24.00 ,$23.19 
11/18/2019,$23.33 ,66127542,$23.53 ,$23.54 ,$23.07 
11/15/2019,$23.48 ,72188409,$23.38 ,$23.52 ,$23.22 
11/14/2019,$23.29 ,97075496,$23.07 ,$23.59 ,$22.86 
11/13/2019,$23.07 ,127017881,$23.67 ,$23.76 ,$23.01 
11/12/2019,$23.33 ,110390690,$23.13 ,$23.36 ,$22.94 
11/11/2019,$23.01 ,149905260,$22.93 ,$23.28 ,$22.80 
11/8/2019,$22.48 ,91113269,$22.30 ,$22.50 ,$22.17 
11/7/2019,$22.37 ,217010141,$21.94 ,$22.77 ,$21.87 
11/6/2019,$21.77 ,119113920,$21.20 ,$21.78 ,$20.97 
11/5/2019,$21.15 ,104151203,$21.31 ,$21.57 ,$21.07 
11/4/2019,$21.16 ,131805534,$20.99 ,$21.46 ,$20.62 
11/1/2019,$20.89 ,95758887,$21.09 ,$21.10 ,$20.65 
10/31/2019,$20.99 ,76004302,$20.87 ,$21.27 ,$20.87 
10/30/2019,$21.00 ,144627078,$20.87 ,$21.25 ,$20.66 
10/29/2019,$21.08 ,190263955,$21.33 ,$21.62 ,$20.98 
10/28/2019,$21.85 ,283054208,$21.84 ,$22.72 ,$21.51 
10/25/2019,$21.88 ,450091125,$19.85 ,$22 ,$19.74 
10/24/2019,$19.98 ,447288226,$19.89 ,$20.33 ,$19.28 
10/23/2019,$16.98 ,168242616,$16.97 ,$17.08 ,$16.76 
10/22/2019,$17.04 ,69376390,$16.95 ,$17.22 ,$16.72 
10/21/2019,$16.90 ,76621477,$17.22 ,$17.30 ,$16.68 
10/18/2019,$17.13 ,86304947,$17.38 ,$17.52 ,$17.01 
10/17/2019,$17.46 ,71685609,$17.50 ,$17.65 ,$17.34 
10/16/2019,$17.32 ,100564495,$17.16 ,$17.47 ,$17.13 
10/15/2019,$17.19 ,97191791,$17.18 ,$17.33 ,$16.94 
10/14/2019,$17.13 ,153402823,$16.53 ,$17.24 ,$16.48 
10/11/2019,$16.53 ,127322321,$16.48 ,$16.74 ,$16.45 
10/10/2019,$16.32 ,94701208,$16.35 ,$16.62 ,$16.11 
10/9/2019,$16.30 ,104025443,$16.09 ,$16.49 ,$16.04 
10/8/2019,$16.00 ,130535005,$15.72 ,$16.26 ,$15.63 
10/7/2019,$15.85 ,121304294,$15.32 ,$15.90 ,$15.24 
10/4/2019,$15.43 ,120317640,$15.44 ,$15.65 ,$15.20 
10/3/2019,$15.54 ,227066286,$15.46 ,$15.63 ,$14.95 
10/2/2019,$16.21 ,93848173,$16.22 ,$16.31 ,$15.96 
10/1/2019,$16.31 ,92944304,$16.10 ,$16.40 ,$15.94 
9/30/2019,$16.06 ,89192370,$16.20 ,$16.27 ,$15.74 
9/27/2019,$16.14 ,166847617,$16.15 ,$16.58 ,$15.92 
9/26/2019,$16.17 ,181181759,$15.38 ,$16.22 ,$15.16 
9/25/2019,$15.25 ,141664219,$14.97 ,$15.27 ,$14.56 
9/24/2019,$14.88 ,194116553,$16.10 ,$16.13 ,$14.84 
9/23/2019,$16.08 ,65874417,$16 ,$16.35 ,$15.95 
9/20/2019,$16.04 ,97593911,$16.43 ,$16.46 ,$15.88 
9/19/2019,$16.44 ,73246988,$16.40 ,$16.53 ,$16.32 
9/18/2019,$16.23 ,63421513,$16.33 ,$16.54 ,$16.16 
9/17/2019,$16.32 ,59203605,$16.16 ,$16.37 ,$16.02 
9/16/2019,$16.19 ,70921405,$16.40 ,$16.50 ,$16.08 
9/13/2019,$16.35 ,79697135,$16.46 ,$16.56 ,$16.32 
9/12/2019,$16.39 ,128718086,$16.51 ,$16.90 ,$16.29 
9/11/2019,$16.47 ,150641625,$15.83 ,$16.54 ,$15.73 
9/10/2019,$15.70 ,73255673,$15.39 ,$15.70 ,$15.26 
9/9/2019,$15.45 ,72039999,$15.33 ,$15.58 ,$15.28 
9/6/2019,$15.16 ,62840549,$15.15 ,$15.31 ,$15.01 
9/5/2019,$15.31 ,111049774,$14.83 ,$15.32 ,$14.72 
9/4/2019,$14.71 ,86530397,$15.13 ,$15.23 ,$14.61 
9/3/2019,$15.00 ,80408150,$14.94 ,$15.26 ,$14.88 
8/30/2019,$15.04 ,139916555,$15.28 ,$15.50 ,$14.95 
8/29/2019,$14.78 ,77746521,$14.60 ,$14.89 ,$14.53 
8/28/2019,$14.37 ,48579351,$14.25 ,$14.48 ,$14.15 
8/27/2019,$14.27 ,81310864,$14.38 ,$14.59 ,$14.14 
8/26/2019,$14.33 ,75816172,$14.24 ,$14.33 ,$14.10 
8/23/2019,$14.09 ,128395496,$14.66 ,$14.74 ,$14.07 
8/22/2019,$14.81 ,98474411,$14.85 ,$15.03 ,$14.55 
8/21/2019,$14.72 ,116996102,$14.80 ,$14.88 ,$14.51 
8/20/2019,$15.06 ,62557874,$15.17 ,$15.27 ,$14.97 
8/19/2019,$15.12 ,79676180,$14.95 ,$15.19 ,$14.78 
8/16/2019,$14.66 ,78110601,$14.44 ,$14.82 ,$14.40 
8/15/2019,$14.38 ,123479218,$14.72 ,$14.77 ,$14.10 
8/14/2019,$14.64 ,143438793,$15.41 ,$15.43 ,$14.45 
8/13/2019,$15.67 ,73034933,$15.25 ,$15.73 ,$15.17 
8/12/2019,$15.27 ,69959020,$15.53 ,$15.72 ,$15.25 
8/9/2019,$15.67 ,58473631,$15.74 ,$15.93 ,$15.59 
8/8/2019,$15.89 ,79115195,$15.63 ,$15.99 ,$15.51 
8/7/2019,$15.56 ,71647464,$15.10 ,$15.57 ,$15.05 
8/6/2019,$15.38 ,83462958,$15.46 ,$15.50 ,$15.05 
8/5/2019,$15.22 ,105424132,$15.31 ,$15.42 ,$15.05 
8/2/2019,$15.62 ,92047169,$15.42 ,$15.75 ,$15.28 
8/1/2019,$15.59 ,123892678,$16.18 ,$16.30 ,$15.45 
7/31/2019,$16.11 ,137673051,$16.20 ,$16.45 ,$15.78 
7/30/2019,$16.15 ,121635149,$15.53 ,$16.22 ,$15.48 
7/29/2019,$15.72 ,139099895,$15.14 ,$15.73 ,$15.07 
7/26/2019,$15.20 ,150415425,$15.13 ,$15.35 ,$14.82 
7/25/2019,$15.25 ,336273582,$15.57 ,$15.63 ,$15.04 
7/24/2019,$17.66 ,166092517,$17.28 ,$17.74 ,$17.21 
7/23/2019,$17.34 ,75346777,$17.11 ,$17.37 ,$16.97 
7/22/2019,$17.05 ,102694044,$17.25 ,$17.48 ,$16.95 
7/19/2019,$17.21 ,105726097,$17.05 ,$17.33 ,$16.97 
7/18/2019,$16.90 ,71467209,$17.00 ,$17.05 ,$16.79 
7/17/2019,$16.99 ,146470832,$17.04 ,$17.22 ,$16.89 
7/16/2019,$16.83 ,122234774,$16.62 ,$16.90 ,$16.53 
7/15/2019,$16.90 ,165001267,$16.53 ,$16.96 ,$16.32 
7/12/2019,$16.34 ,138007746,$15.98 ,$16.36 ,$15.98 
7/11/2019,$15.91 ,112716394,$15.88 ,$16.10 ,$15.72 
7/10/2019,$15.93 ,137185971,$15.61 ,$15.93 ,$15.54 
7/9/2019,$15.34 ,92862479,$15.26 ,$15.40 ,$15.15 
7/8/2019,$15.36 ,88208086,$15.42 ,$15.48 ,$15.24 
7/5/2019,$15.54 ,105986017,$15.64 ,$15.70 ,$15.39 
7/3/2019,$15.66 ,213017143,$15.96 ,$16.10 ,$15.63 
7/2/2019,$14.97 ,138885336,$15.26 ,$15.28 ,$14.81 
7/1/2019,$15.14 ,123569398,$15.35 ,$15.54 ,$15.09 
6/28/2019,$14.90 ,102770709,$14.73 ,$15.01 ,$14.72 
6/27/2019,$14.86 ,95095602,$14.63 ,$14.86 ,$14.49 
6/26/2019,$14.62 ,127608056,$14.69 ,$15.15 ,$14.54 
6/25/2019,$14.65 ,92731019,$14.96 ,$15.02 ,$14.63 
6/24/2019,$14.91 ,86261522,$14.88 ,$15.06 ,$14.73 
6/21/2019,$14.79 ,123031108,$14.41 ,$14.81 ,$14.37 
6/20/2019,$14.64 ,177951811,$14.87 ,$15.13 ,$14.42 
6/19/2019,$15.10 ,98626976,$15.01 ,$15.18 ,$14.74 
6/18/2019,$14.98 ,190736755,$15.25 ,$15.65 ,$14.84 
6/17/2019,$15.00 ,184751908,$14.37 ,$15.13 ,$14.28 
6/14/2019,$14.33 ,111500974,$14.08 ,$14.44 ,$14.03 
6/13/2019,$14.26 ,122523839,$14.03 ,$14.33 ,$13.83 
6/12/2019,$13.95 ,227962986,$14.86 ,$14.89 ,$13.93 
6/11/2019,$14.47 ,174803013,$14.61 ,$14.73 ,$14.23 
6/10/2019,$14.19 ,158775521,$14.02 ,$14.46 ,$13.93 
6/7/2019,$13.63 ,240052830,$13.67 ,$14.06 ,$13.57 
6/6/2019,$13.73 ,303632098,$13.63 ,$14.07 ,$13.45 
6/5/2019,$13.11 ,202661299,$13.25 ,$13.42 ,$12.79 
6/4/2019,$12.91 ,207112696,$12.07 ,$12.93 ,$11.97 
6/3/2019,$11.93 ,195966052,$12.37 ,$12.45 ,$11.80 
5/31/2019,$12.34 ,156100872,$12.34 ,$12.66 ,$12.27 
5/30/2019,$12.55 ,118897066,$12.58 ,$12.82 ,$12.47 
5/29/2019,$12.66 ,179529510,$12.47 ,$12.83 ,$12.34 
5/28/2019,$12.58 ,154693423,$12.75 ,$13 ,$12.52 
5/24/2019,$12.71 ,212048444,$13.32 ,$13.33 ,$12.58 
5/23/2019,$13.03 ,398206901,$12.96 ,$13.30 ,$12.41 
5/22/2019,$12.85 ,280277710,$13.27 ,$13.60 ,$12.79 
5/21/2019,$13.67 ,270058365,$13.18 ,$13.83 ,$13.07 
5/20/2019,$13.69 ,307892846,$13.52 ,$13.73 ,$13.02 
5/17/2019,$14.07 ,266799917,$14.80 ,$14.82 ,$13.93 
5/16/2019,$15.22 ,112249039,$15.30 ,$15.40 ,$15.10 
5/15/2019,$15.46 ,109439585,$15.29 ,$15.50 ,$15.02 
5/14/2019,$15.49 ,108786126,$15.29 ,$15.63 ,$15.20 
5/13/2019,$15.13 ,162521919,$15.47 ,$15.50 ,$14.97 
5/10/2019,$15.97 ,105124987,$15.98 ,$16.13 ,$15.73 
5/9/2019,$16.13 ,100670680,$16.13 ,$16.25 ,$15.80 
5/8/2019,$16.32 ,92646554,$16.46 ,$16.71 ,$16.28 
5/7/2019,$16.47 ,151971074,$17.12 ,$17.15 ,$16.34 
5/6/2019,$17.02 ,162509019,$16.67 ,$17.22 ,$16.57 
5/3/2019,$17.00 ,355601372,$16.26 ,$17.11 ,$16.23 
5/2/2019,$16.27 ,272389964,$16.37 ,$16.48 ,$15.85 
5/1/2019,$15.60 ,160565170,$15.92 ,$16 ,$15.43 
4/30/2019,$15.91 ,141704404,$16.14 ,$16.28 ,$15.80 
4/29/2019,$16.10 ,250299175,$15.72 ,$16.27 ,$15.48 
4/26/2019,$15.68 ,332267234,$16.43 ,$16.45 ,$15.41 
4/25/2019,$16.51 ,327350536,$17 ,$17.27 ,$16.40 
4/24/2019,$17.24 ,144855843,$17.59 ,$17.69 ,$17.20 
4/23/2019,$17.59 ,163640168,$17.34 ,$17.71 ,$17.05 
4/22/2019,$17.52 ,181525259,$17.93 ,$17.98 ,$17.50 
4/18/2019,$18.22 ,87922126,$18.08 ,$18.32 ,$17.98 
4/17/2019,$18.08 ,76770127,$18.32 ,$18.32 ,$17.90 
4/16/2019,$18.22 ,108997506,$17.72 ,$18.33 ,$17.65 
4/15/2019,$17.76 ,150487275,$17.91 ,$17.93 ,$17.24 
4/12/2019,$17.85 ,101030739,$18.01 ,$18.13 ,$17.79 
4/11/2019,$17.89 ,146719337,$17.89 ,$18.03 ,$17.71 
4/10/2019,$18.40 ,105675457,$18.45 ,$18.56 ,$18.19 
4/9/2019,$18.15 ,88398661,$18.11 ,$18.33 ,$17.97 
4/8/2019,$18.21 ,155468922,$18.51 ,$18.74 ,$18.03 
4/5/2019,$18.33 ,195341002,$17.99 ,$18.41 ,$17.74 
4/4/2019,$17.85 ,355202372,$17.46 ,$18.08 ,$17.37 
4/3/2019,$19.45 ,118749691,$19.15 ,$19.74 ,$19.14 
4/2/2019,$19.06 ,81407719,$19.22 ,$19.30 ,$18.93 
4/1/2019,$19.28 ,121396949,$18.84 ,$19.28 ,$18.75 
3/29/2019,$18.66 ,89705280,$18.58 ,$18.68 ,$18.30 
3/28/2019,$18.57 ,101473764,$18.48 ,$18.69 ,$18.34 
3/27/2019,$18.32 ,131285694,$17.92 ,$18.36 ,$17.88 
3/26/2019,$17.85 ,110127965,$17.63 ,$18.02 ,$17.63 
3/25/2019,$17.36 ,153076123,$17.31 ,$17.55 ,$16.96 
3/22/2019,$17.64 ,130829185,$18.17 ,$18.19 ,$17.60 
3/21/2019,$18.27 ,88963831,$18.17 ,$18.43 ,$17.90 
3/20/2019,$18.24 ,103229588,$17.98 ,$18.33 ,$17.75 
3/19/2019,$17.83 ,176614862,$17.83 ,$18.22 ,$17.56 
3/18/2019,$17.97 ,153974323,$18.40 ,$18.54 ,$17.82 
3/15/2019,$18.36 ,221360289,$18.90 ,$18.92 ,$18.29 
3/14/2019,$19.33 ,105722017,$19.50 ,$19.69 ,$19.22 
3/13/2019,$19.26 ,102267759,$18.93 ,$19.47 ,$18.85 
3/12/2019,$18.89 ,112320499,$19.10 ,$19.20 ,$18.74 
3/11/2019,$19.39 ,110584415,$18.90 ,$19.42 ,$18.70 
3/8/2019,$18.94 ,132086514,$18.46 ,$19.04 ,$18.39 
3/7/2019,$18.44 ,141160384,$18.59 ,$18.98 ,$18.28 
3/6/2019,$18.42 ,154790473,$18.43 ,$18.77 ,$18.29 
3/5/2019,$18.44 ,280946860,$18.80 ,$18.93 ,$18.01 
3/4/2019,$19.02 ,256033222,$19.87 ,$19.93 ,$18.85 
3/1/2019,$19.65 ,342731079,$20.46 ,$20.48 ,$19.46 
2/28/2019,$21.33 ,144993288,$21.26 ,$21.33 ,$20.72 
2/27/2019,$20.98 ,167161416,$20.12 ,$21.09 ,$20.04 
2/26/2019,$19.86 ,128574071,$19.48 ,$20.13 ,$19.25 
2/25/2019,$19.92 ,93205468,$19.86 ,$20.19 ,$19.80 
2/22/2019,$19.65 ,85970657,$19.63 ,$19.77 ,$19.47 
2/21/2019,$19.42 ,133212383,$20.12 ,$20.22 ,$19.37 
2/20/2019,$20.17 ,106994482,$20.29 ,$20.42 ,$19.93 
2/19/2019,$20.38 ,61807769,$20.44 ,$20.77 ,$20.36 
2/15/2019,$20.53 ,58437196,$20.30 ,$20.53 ,$20.26 
2/14/2019,$20.25 ,77863266,$20.23 ,$20.45 ,$20.07 
2/13/2019,$20.54 ,76955932,$20.82 ,$20.85 ,$20.37 
2/12/2019,$20.79 ,82281244,$21.08 ,$21.21 ,$20.64 
2/11/2019,$20.86 ,106710127,$20.77 ,$21.24 ,$20.70 
2/8/2019,$20.39 ,87526126,$20.46 ,$20.50 ,$19.90 
2/7/2019,$20.50 ,97677401,$20.89 ,$20.98 ,$20.20 
2/6/2019,$21.15 ,75470482,$21.31 ,$21.62 ,$21.04 
2/5/2019,$21.42 ,101021034,$20.83 ,$21.50 ,$20.82 
2/4/2019,$20.86 ,110161085,$20.87 ,$21.02 ,$20.13 
2/1/2019,$20.81 ,108954216,$20.36 ,$21.07 ,$20.23 
1/31/2019,$20.47 ,188177756,$20.07 ,$20.77 ,$19.60 
1/30/2019,$20.58 ,158910521,$20.03 ,$20.60 ,$19.90 
1/29/2019,$19.83 ,69043960,$19.68 ,$19.90 ,$19.45 
1/28/2019,$19.76 ,96142107,$19.53 ,$19.83 ,$19.18 
1/25/2019,$19.80 ,106541662,$19.63 ,$19.90 ,$19.30 
1/24/2019,$19.43 ,119863605,$18.87 ,$19.58 ,$18.62 
1/23/2019,$19.17 ,187696106,$19.50 ,$19.63 ,$18.78 
1/22/2019,$19.93 ,180781860,$20.32 ,$20.53 ,$19.70 
1/18/2019,$20.15 ,361188719,$21.53 ,$21.81 ,$19.98 
1/17/2019,$23.15 ,54917403,$23.08 ,$23.43 ,$22.94 
1/16/2019,$23.07 ,70158370,$22.99 ,$23.47 ,$22.90 
1/15/2019,$22.96 ,90718305,$22.33 ,$23.25 ,$22.30 
1/14/2019,$22.29 ,78490311,$22.83 ,$22.83 ,$22.27 
1/11/2019,$23.15 ,75526132,$22.81 ,$23.23 ,$22.58 
1/10/2019,$23.00 ,90744270,$22.29 ,$23.03 ,$22.12 
1/9/2019,$22.57 ,81399229,$22.37 ,$22.90 ,$22.10 
1/8/2019,$22.36 ,104916353,$22.80 ,$22.93 ,$21.80 
1/7/2019,$22.33 ,113135013,$21.45 ,$22.45 ,$21.18 
1/4/2019,$21.18 ,110741270,$20.40 ,$21.20 ,$20.18 
1/3/2019,$20.02 ,104228603,$20.47 ,$20.63 ,$19.83 
1/2/2019,$20.67 ,174168963,$20.41 ,$21.01 ,$19.92 
12/31/2018,$22.19 ,94414423,$22.52 ,$22.61 ,$21.68 
12/28/2018,$22.26 ,148781581,$21.54 ,$22.42 ,$21.23 
12/27/2018,$21.08 ,128510711,$21.32 ,$21.48 ,$20.10 
12/26/2018,$21.74 ,122146469,$20 ,$21.80 ,$19.61 
12/24/2018,$19.69 ,83398653,$20.90 ,$20.97 ,$19.68 
12/21/2018,$21.32 ,119958225,$21.16 ,$21.56 ,$20.83 
12/20/2018,$21.03 ,135740767,$21.80 ,$22.02 ,$20.79 
12/19/2018,$22.20 ,123845548,$22.51 ,$23.13 ,$21.98 
12/18/2018,$22.47 ,106273252,$23.37 ,$23.44 ,$22.25 
12/17/2018,$23.23 ,114972423,$24.13 ,$24.38 ,$22.93 
12/14/2018,$24.38 ,94914328,$25 ,$25.19 ,$24.29 
12/13/2018,$25.12 ,110222465,$24.68 ,$25.16 ,$24.45 
12/12/2018,$24.44 ,75295837,$24.63 ,$24.79 ,$24.34 
12/11/2018,$24.45 ,94477033,$24.66 ,$24.81 ,$24.02 
12/10/2018,$24.34 ,98630066,$24 ,$24.40 ,$23.54 
12/7/2018,$23.86 ,172265164,$24.60 ,$25.30 ,$23.84 
12/6/2018,$24.20 ,117430276,$23.73 ,$24.49 ,$23.38 
12/4/2018,$23.98 ,126453132,$23.74 ,$24.58 ,$23.47 
12/3/2018,$23.90 ,124437583,$24 ,$24.40 ,$23.47 
11/30/2018,$23.37 ,84316518,$22.79 ,$23.44 ,$22.55 
11/29/2018,$22.74 ,46140367,$23.13 ,$23.17 ,$22.64 
11/28/2018,$23.19 ,61710539,$23.07 ,$23.22 ,$22.81 
11/27/2018,$22.93 ,95205012,$22.67 ,$23.13 ,$22.37 
11/26/2018,$23.07 ,119596725,$21.67 ,$23.08 ,$21.67 
11/23/2018,$21.72 ,63039598,$22.29 ,$22.50 ,$21.70 
11/21/2018,$22.55 ,70160800,$23.47 ,$23.54 ,$22.49 
11/20/2018,$23.17 ,119868735,$22.78 ,$23.32 ,$22.24 
11/19/2018,$23.56 ,145478312,$23.76 ,$24.45 ,$23.53 
11/16/2018,$23.62 ,107916816,$23.01 ,$23.71 ,$23.01 
11/15/2018,$23.23 ,69001915,$22.82 ,$23.24 ,$22.60 
11/14/2018,$22.93 ,75481207,$22.85 ,$23.14 ,$22.48 
11/13/2018,$22.58 ,81341299,$22.21 ,$22.98 ,$22.15 
11/12/2018,$22.09 ,103754423,$23.22 ,$23.32 ,$22.02 
11/9/2018,$23.37 ,76401802,$23.27 ,$23.60 ,$23.02 
11/8/2018,$23.43 ,106202992,$23.23 ,$23.84 ,$23.23 
11/7/2018,$23.21 ,110500535,$22.89 ,$23.41 ,$22.72 
11/6/2018,$22.74 ,101278899,$22.60 ,$23.25 ,$22.41 
11/5/2018,$22.76 ,117312616,$22.70 ,$22.93 ,$22.01 
11/2/2018,$23.09 ,116998742,$22.92 ,$23.28 ,$22.73 
11/1/2018,$22.95 ,119714130,$22.55 ,$23.19 ,$22.32 
10/31/2018,$22.49 ,114012543,$22.17 ,$22.80 ,$21.94 
10/30/2018,$21.99 ,136636732,$21.89 ,$22.53 ,$21.48 
10/29/2018,$22.32 ,216827142,$22.50 ,$23.14 ,$21.77 
10/26/2018,$22.06 ,410703095,$20.55 ,$22.66 ,$20.44 
10/25/2018,$20.99 ,311574894,$21.15 ,$21.40 ,$20.07 
10/24/2018,$19.23 ,290256605,$20.07 ,$20.30 ,$19.05 
10/23/2018,$19.61 ,284343008,$17.59 ,$19.86 ,$17.47 
10/22/2018,$17.40 ,83922783,$17.38 ,$17.46 ,$16.84 
10/19/2018,$17.33 ,140171390,$17.83 ,$17.98 ,$16.90 
10/18/2018,$17.59 ,81028024,$17.95 ,$18.07 ,$17.53 
10/17/2018,$18.12 ,129554170,$18.83 ,$18.85 ,$17.72 
10/16/2018,$18.44 ,142516729,$17.71 ,$18.49 ,$17.48 
10/15/2018,$17.31 ,92835344,$17.27 ,$17.55 ,$16.97 
10/12/2018,$17.25 ,107838801,$17.40 ,$17.47 ,$16.80 
10/11/2018,$16.82 ,121922699,$17.17 ,$17.48 ,$16.60 
10/10/2018,$17.13 ,191723304,$17.64 ,$17.70 ,$16.52 
10/9/2018,$17.52 ,180566610,$17.02 ,$17.78 ,$16.89 
10/8/2018,$16.70 ,200567600,$17.63 ,$17.85 ,$16.60 
10/5/2018,$17.46 ,268510516,$18.31 ,$18.33 ,$17.33 
10/4/2018,$18.79 ,144583203,$19.60 ,$19.60 ,$18.51 
10/3/2018,$19.65 ,119734020,$20.22 ,$20.31 ,$19.44 
10/2/2018,$20.07 ,175495262,$20.93 ,$21.12 ,$19.94 
10/1/2018,$20.71 ,325712987,$20.38 ,$20.76 ,$20.07 
9/28/2018,$17.65 ,503959098,$18.02 ,$18.53 ,$17.37 
9/27/2018,$20.50 ,110066345,$20.86 ,$21.00 ,$20.46 
9/26/2018,$20.64 ,117537886,$20.13 ,$20.93 ,$20.07 
9/25/2018,$20.07 ,67084271,$20 ,$20.31 ,$19.77 
9/24/2018,$19.98 ,72515724,$19.90 ,$20.20 ,$19.57 
9/21/2018,$19.94 ,75577417,$19.85 ,$20.04 ,$19.69 
9/20/2018,$19.89 ,109987100,$20.24 ,$20.40 ,$19.56 
9/19/2018,$19.93 ,123965233,$18.70 ,$20 ,$18.70 
9/18/2018,$19.00 ,247414076,$19.78 ,$20.18 ,$18.37 
9/17/2018,$19.66 ,102993069,$19.34 ,$20.06 ,$19.21 
9/14/2018,$19.68 ,101364729,$19.25 ,$19.82 ,$19.10 
9/13/2018,$19.30 ,94999168,$19.20 ,$19.67 ,$19.01 
9/12/2018,$19.37 ,150032175,$18.76 ,$19.50 ,$18.58 
9/11/2018,$18.63 ,137415846,$18.63 ,$18.80 ,$18.24 
9/10/2018,$19.03 ,213483643,$18.22 ,$19.07 ,$18.07 
9/7/2018,$17.55 ,336634482,$17.34 ,$17.89 ,$16.82 
9/6/2018,$18.73 ,112091284,$18.99 ,$19.41 ,$18.59 
9/5/2018,$18.72 ,115610072,$19.00 ,$19.12 ,$18.48 
9/4/2018,$19.26 ,124568503,$19.80 ,$19.88 ,$19.20 
8/31/2018,$20.11 ,80505680,$20.13 ,$20.35 ,$19.91 
8/30/2018,$20.21 ,108159321,$20.15 ,$20.31 ,$19.85 
8/29/2018,$20.33 ,111158014,$20.68 ,$20.79 ,$20.25 
8/28/2018,$20.79 ,114591738,$21.23 ,$21.26 ,$20.75 
8/27/2018,$21.28 ,195939652,$21.20 ,$21.50 ,$20.59 
8/24/2018,$21.52 ,53890983,$21.38 ,$21.59 ,$21.29 
8/23/2018,$21.34 ,77080236,$21.28 ,$21.82 ,$21.21 
8/22/2018,$21.44 ,89037750,$21.39 ,$21.59 ,$20.98 
8/21/2018,$21.46 ,197216451,$20.71 ,$21.65 ,$20.60 
8/20/2018,$20.56 ,260706320,$19.45 ,$20.57 ,$19.21 
8/17/2018,$20.37 ,283438058,$21.57 ,$21.78 ,$20.24 
8/16/2018,$22.36 ,90680835,$22.66 ,$22.82 ,$22.25 
8/15/2018,$22.58 ,136095427,$22.79 ,$22.97 ,$22.14 
8/14/2018,$23.18 ,104227613,$23.90 ,$23.95 ,$23.14 
8/13/2018,$23.76 ,156673722,$24.08 ,$24.21 ,$23.27 
8/10/2018,$23.70 ,172957564,$23.60 ,$24 ,$23.07 
8/9/2018,$23.50 ,254276873,$24.37 ,$24.47 ,$23.05 
8/8/2018,$24.69 ,368031116,$24.61 ,$25.51 ,$24.47 
8/7/2018,$25.30 ,458945771,$22.92 ,$25.83 ,$22.61 
8/6/2018,$22.80 ,128051426,$23.03 ,$23.67 ,$22.79 
8/3/2018,$23.21 ,204699498,$23.19 ,$23.67 ,$22.84 
8/2/2018,$23.30 ,347387226,$21.90 ,$23.33 ,$21.54 
8/1/2018,$20.06 ,131521419,$19.87 ,$20.20 ,$19.53 
7/31/2018,$19.88 ,75826372,$19.48 ,$19.89 ,$19.27 
7/30/2018,$19.34 ,101993664,$19.73 ,$19.74 ,$19.08 
7/27/2018,$19.81 ,85420307,$20.48 ,$20.51 ,$19.69 
7/26/2018,$20.44 ,69293470,$20.32 ,$20.71 ,$20.24 
7/25/2018,$20.58 ,105470677,$19.78 ,$20.64 ,$19.63 
7/24/2018,$19.83 ,143792718,$20.29 ,$20.51 ,$19.50 
7/23/2018,$20.21 ,164622218,$20.12 ,$20.37 ,$19.52 
7/20/2018,$20.91 ,77397426,$21.42 ,$21.55 ,$20.78 
7/19/2018,$21.35 ,88606696,$21.09 ,$21.57 ,$20.93 
7/18/2018,$21.59 ,84151233,$21.67 ,$21.70 ,$21.08 
7/17/2018,$21.51 ,104816678,$20.59 ,$21.65 ,$20.57 
7/16/2018,$20.67 ,117006751,$20.78 ,$21.01 ,$20.42 
7/13/2018,$21.26 ,88001596,$21.04 ,$21.31 ,$20.62 
7/12/2018,$21.11 ,85677722,$21.43 ,$21.55 ,$20.85 
7/11/2018,$21.26 ,73178888,$21.05 ,$21.46 ,$21.00 
7/10/2018,$21.50 ,141563284,$21.64 ,$21.85 ,$21.28 
7/9/2018,$21.23 ,113693058,$20.80 ,$21.23 ,$20.53 
7/6/2018,$20.59 ,132902904,$20.33 ,$20.80 ,$20.13 
7/5/2018,$20.61 ,261863419,$20.92 ,$20.96 ,$19.75 
7/3/2018,$20.72 ,184239508,$22.12 ,$22.17 ,$20.65 
7/2/2018,$22.34 ,280990510,$24.00 ,$24.32 ,$21.99 
6/29/2018,$22.86 ,97138496,$23.56 ,$23.59 ,$22.83 
6/28/2018,$23.33 ,125822517,$23.24 ,$23.80 ,$23.07 
6/27/2018,$22.97 ,124707193,$23 ,$23.39 ,$22.63 
6/26/2018,$22.80 ,111521179,$22.40 ,$22.90 ,$21.72 
6/25/2018,$22.20 ,103876283,$22.01 ,$22.56 ,$21.83 
6/22/2018,$22.24 ,153806473,$23.44 ,$23.48 ,$22.13 
6/21/2018,$23.17 ,119247630,$24.13 ,$24.41 ,$23.08 
6/20/2018,$24.15 ,125553957,$23.87 ,$24.29 ,$23.47 
6/19/2018,$23.50 ,191022504,$24.34 ,$24.67 ,$23.08 
6/18/2018,$24.72 ,180381660,$23.69 ,$24.92 ,$23.63 
6/15/2018,$23.88 ,162413319,$23.59 ,$24.31 ,$23.42 
6/14/2018,$23.85 ,164417168,$23.18 ,$23.92 ,$23.11 
6/13/2018,$22.99 ,141021934,$23.11 ,$23.15 ,$22.65 
6/12/2018,$22.85 ,333846283,$22.98 ,$23.66 ,$22.53 
6/11/2018,$22.14 ,197490651,$21.50 ,$22.31 ,$21.50 
6/8/2018,$21.18 ,122882564,$21.27 ,$21.63 ,$21.14 
6/7/2018,$21.07 ,215041542,$21.08 ,$22 ,$20.91 
6/6/2018,$21.30 ,281135859,$20.03 ,$21.48 ,$19.83 
6/5/2018,$19.41 ,88168051,$19.85 ,$19.85 ,$19.12 
6/4/2018,$19.78 ,71906769,$19.62 ,$19.93 ,$19.57 
6/1/2018,$19.45 ,81269719,$19.06 ,$19.46 ,$18.92 
5/31/2018,$18.98 ,88692331,$19.15 ,$19.36 ,$18.86 
5/30/2018,$19.45 ,112103794,$18.89 ,$19.67 ,$18.77 
5/29/2018,$18.92 ,84857253,$18.57 ,$19.10 ,$18.41 
5/25/2018,$18.59 ,58089286,$18.51 ,$18.64 ,$18.37 
5/24/2018,$18.52 ,62561804,$18.56 ,$18.74 ,$18.33 
5/23/2018,$18.60 ,89583510,$18.52 ,$18.66 ,$18.27 
5/22/2018,$18.33 ,134077448,$19.18 ,$19.20 ,$18.23 
5/21/2018,$18.97 ,137517591,$18.76 ,$19.43 ,$18.75 
5/18/2018,$18.45 ,108655431,$18.98 ,$18.98 ,$18.27 
5/17/2018,$18.97 ,66273837,$19.06 ,$19.28 ,$18.93 
5/16/2018,$19.10 ,85044617,$18.92 ,$19.25 ,$18.77 
5/15/2018,$18.95 ,142646224,$19.00 ,$19.13 ,$18.70 
5/14/2018,$19.46 ,108982461,$20.22 ,$20.33 ,$19.44 
5/11/2018,$20.07 ,69979780,$20.51 ,$20.59 ,$19.94 
5/10/2018,$20.33 ,84641523,$20.50 ,$20.87 ,$20.27 
5/9/2018,$20.46 ,85683782,$20.03 ,$20.47 ,$20.00 
5/8/2018,$20.13 ,88911661,$20.05 ,$20.52 ,$19.93 
5/7/2018,$20.18 ,130096285,$19.83 ,$20.40 ,$19.68 
5/4/2018,$19.61 ,128482526,$18.87 ,$19.79 ,$18.63 
5/3/2018,$18.96 ,260086220,$18.59 ,$19.20 ,$18.35 
5/2/2018,$20.08 ,125192577,$19.90 ,$20.46 ,$19.85 
5/1/2018,$19.99 ,69224155,$19.57 ,$20.05 ,$19.55 
4/30/2018,$19.59 ,63360988,$19.57 ,$19.92 ,$19.50 
4/27/2018,$19.61 ,65202777,$19.02 ,$19.63 ,$18.92 
4/26/2018,$19.03 ,65221587,$18.58 ,$19.05 ,$18.43 
4/25/2018,$18.71 ,60006285,$18.90 ,$19.01 ,$18.48 
4/24/2018,$18.90 ,85173587,$19 ,$19.14 ,$18.56 
4/23/2018,$18.89 ,73211108,$19.42 ,$19.44 ,$18.82 
4/20/2018,$19.35 ,84339408,$19.68 ,$20.00 ,$19.32 
4/19/2018,$20.01 ,91256954,$19.41 ,$20.07 ,$19.24 
4/18/2018,$19.56 ,97973396,$19.41 ,$20.02 ,$19.21 
4/17/2018,$19.18 ,103967228,$19.26 ,$19.48 ,$18.83 
4/16/2018,$19.41 ,94342408,$19.93 ,$19.98 ,$19.27 
4/13/2018,$20.02 ,109788320,$20.24 ,$20.26 ,$19.73 
4/12/2018,$19.61 ,113932818,$20.15 ,$20.26 ,$19.58 
4/11/2018,$20.06 ,112053004,$20.05 ,$20.60 ,$19.98 
4/10/2018,$20.31 ,165255067,$19.93 ,$20.47 ,$19.58 
4/9/2018,$19.31 ,153621073,$20.02 ,$20.63 ,$19.28 
4/6/2018,$19.95 ,202747849,$20.07 ,$20.62 ,$19.70 
4/5/2018,$20.38 ,285387757,$19.29 ,$20.42 ,$19.21 
4/4/2018,$19.13 ,298202551,$16.85 ,$19.22 ,$16.80 
4/3/2018,$17.84 ,282444609,$17.99 ,$18.22 ,$16.97 
4/2/2018,$16.83 ,241399229,$17.08 ,$17.36 ,$16.31 
3/29/2018,$17.74 ,225216487,$17.10 ,$18.06 ,$16.55 
3/28/2018,$17.19 ,314434043,$17.64 ,$17.91 ,$16.81 
3/27/2018,$18.61 ,206805797,$20.27 ,$20.28 ,$18.48 
3/26/2018,$20.28 ,125473992,$20.49 ,$20.51 ,$19.42 
3/23/2018,$20.10 ,99599350,$20.75 ,$20.77 ,$20.03 
3/22/2018,$20.61 ,73873883,$20.93 ,$21.25 ,$20.55 
3/21/2018,$21.10 ,89313660,$20.68 ,$21.50 ,$20.68 
3/20/2018,$20.70 ,71415429,$20.99 ,$21.08 ,$20.58 
3/19/2018,$20.90 ,112018294,$21.10 ,$21.38 ,$20.64 
3/16/2018,$21.42 ,91700429,$21.73 ,$21.83 ,$21.27 
3/15/2018,$21.71 ,98318471,$21.96 ,$22.19 ,$21.41 
3/14/2018,$21.78 ,119282220,$22.45 ,$22.65 ,$21.60 
3/13/2018,$22.79 ,89409495,$22.99 ,$23.01 ,$22.42 
3/12/2018,$23.03 ,123793723,$21.91 ,$23.15 ,$21.77 
3/9/2018,$21.81 ,82541644,$21.61 ,$21.90 ,$21.49 
3/8/2018,$21.94 ,52715479,$22.19 ,$22.22 ,$21.75 
3/7/2018,$22.15 ,75029062,$21.70 ,$22.17 ,$21.45 
3/6/2018,$21.88 ,63547213,$22.25 ,$22.42 ,$21.80 
3/5/2018,$22.22 ,57310501,$22.16 ,$22.52 ,$21.95 
3/2/2018,$22.34 ,76331797,$21.80 ,$22.35 ,$21.53 
3/1/2018,$22.06 ,103088228,$23.00 ,$23.24 ,$22.00 
2/28/2018,$22.87 ,90990615,$23.50 ,$23.68 ,$22.81 
2/27/2018,$23.40 ,71775294,$23.75 ,$24.00 ,$23.33 
2/26/2018,$23.83 ,65017467,$23.57 ,$23.93 ,$23.49 
2/23/2018,$23.47 ,87212611,$23.19 ,$23.67 ,$23.14 
2/22/2018,$23.08 ,104428148,$22.37 ,$23.16 ,$22.32 
2/21/2018,$22.22 ,48108726,$22.40 ,$22.65 ,$22.21 
2/20/2018,$22.32 ,60089400,$22.30 ,$22.72 ,$22.10 
2/16/2018,$22.37 ,84602718,$22.17 ,$22.87 ,$22.11 
2/15/2018,$22.27 ,88647301,$21.63 ,$22.27 ,$21.49 
2/14/2018,$21.49 ,59221125,$21.39 ,$21.74 ,$21.23 
2/13/2018,$21.58 ,68319431,$21.00 ,$21.61 ,$20.83 
2/12/2018,$21.05 ,93367138,$21.08 ,$21.21 ,$20.42 
2/9/2018,$20.69 ,193866353,$21.33 ,$21.40 ,$19.65 
2/8/2018,$21.02 ,154446223,$22.89 ,$23.24 ,$20.97 
2/7/2018,$23 ,100945180,$22.60 ,$23.07 ,$22.38 
2/6/2018,$22.26 ,76200442,$21.68 ,$22.41 ,$21.57 
2/5/2018,$22.21 ,66617457,$22.53 ,$22.96 ,$22.20 
2/2/2018,$22.92 ,55442327,$23.23 ,$23.46 ,$22.70 
2/1/2018,$23.28 ,62811569,$23.40 ,$23.98 ,$23.24 
1/31/2018,$23.62 ,92990549,$23.17 ,$23.75 ,$23.01 
1/30/2018,$23.05 ,70660225,$23.01 ,$23.22 ,$22.81 
1/29/2018,$23.30 ,71073084,$22.66 ,$23.39 ,$22.55 
1/26/2018,$22.86 ,68031821,$22.77 ,$22.93 ,$22.38 
1/25/2018,$22.51 ,100878070,$23.22 ,$23.28 ,$22.43 
1/24/2018,$23.06 ,79160750,$23.64 ,$23.65 ,$22.90 
1/23/2018,$23.52 ,81714289,$24 ,$24.03 ,$23.40 
1/22/2018,$23.44 ,92996609,$23.29 ,$23.86 ,$23.28 
1/19/2018,$23.33 ,73067678,$23 ,$23.37 ,$22.84 
1/18/2018,$22.97 ,85194392,$23.04 ,$23.49 ,$22.92 
1/17/2018,$23.14 ,106388257,$22.70 ,$23.27 ,$22.65 
1/16/2018,$22.67 ,96438462,$22.50 ,$23 ,$22.32 
1/12/2018,$22.41 ,72337599,$22.58 ,$22.69 ,$22.24 
1/11/2018,$22.53 ,99612895,$22.35 ,$22.99 ,$22.22 
1/10/2018,$22.32 ,64545763,$22.15 ,$22.47 ,$22 
1/9/2018,$22.25 ,107017821,$22.34 ,$22.59 ,$21.83 
1/8/2018,$22.43 ,147489076,$21.07 ,$22.47 ,$21.03 
1/5/2018,$21.11 ,68830886,$21.11 ,$21.15 ,$20.80 
1/4/2018,$20.97 ,149168820,$20.86 ,$21.24 ,$20.38 
1/3/2018,$21.15 ,66577767,$21.40 ,$21.68 ,$21.04 
1/2/2018,$21.37 ,65184192,$20.80 ,$21.47 ,$20.73 
12/29/2017,$20.76 ,56542532,$21.08 ,$21.09 ,$20.67 
12/28/2017,$21.02 ,64601158,$20.78 ,$21.05 ,$20.64 
12/27/2017,$20.78 ,70576225,$21.07 ,$21.18 ,$20.72 
12/26/2017,$21.15 ,65530452,$21.59 ,$21.60 ,$21.11 
12/22/2017,$21.68 ,63113998,$21.97 ,$22.06 ,$21.65 
12/21/2017,$22.11 ,65549877,$21.97 ,$22.25 ,$21.81 
12/20/2017,$21.93 ,88610626,$22.18 ,$22.21 ,$21.67 
12/19/2017,$22.07 ,102312969,$22.68 ,$22.77 ,$22.02 
12/18/2017,$22.59 ,81998149,$22.99 ,$23.12 ,$22.51 
12/15/2017,$22.90 ,103818638,$22.80 ,$22.93 ,$22.38 
12/14/2017,$22.53 ,86880317,$22.73 ,$23.16 ,$22.46 
12/13/2017,$22.60 ,93265468,$22.73 ,$22.95 ,$22.43 
12/12/2017,$22.74 ,130733485,$22.03 ,$22.76 ,$22.00 
12/11/2017,$21.93 ,118891291,$20.98 ,$21.93 ,$20.92 
12/8/2017,$21.01 ,51991294,$20.97 ,$21.13 ,$20.75 
12/7/2017,$20.75 ,71693814,$20.80 ,$21.24 ,$20.74 
12/6/2017,$20.88 ,107767101,$20.01 ,$20.89 ,$20 
12/5/2017,$20.25 ,69655585,$20.13 ,$20.53 ,$20.07 
12/4/2017,$20.35 ,87513361,$20.43 ,$20.55 ,$20.04 
12/1/2017,$20.44 ,64291198,$20.36 ,$20.69 ,$20.34 
